Workbook

Sheet Como Usar Esta Planilha - Model
A1: COMO USAR ESTA PLANILHA-MODELO
A3: 1) Todo início de mês: duplique este arquivo inteiro e renomeie (ex: "CB_DIEESE_JULHO_2026").
A4: 2) Na aba "Calendário", ajuste a data inicial (célula F4) e preencha Pesquisador/Crítica de cada mercado. As datas e dias da semana das demais linhas se recalculam sozinhos.
A5: 3) Em cada aba "MERCADO X", a DATA, SEMANA, PESQUISADOR e CRÍTICA já vêm preenchidos automaticamente a partir da aba Calendário -- não precisa digitar de novo.
A6: 4) Preencha apenas a coluna PREÇO em cada aba de mercado e o horário. Se o preço coletado for 50% maior que a média do mesmo item no mês anterior, a célula fica destacada em vermelho automaticamente.
A7: 5) A aba "Resumos, Totais e Médias" mostra, produto por produto, o preço em cada um dos 40 mercados lado a lado, além da média, mínimo, máximo e quantidade coletada.
A8: 6) No fechamento do mês: copie a coluna PREÇO MÉDIO da aba "Resumos, Totais e Médias" e cole como VALORES na aba "Histórico - Média Mês Anterior", substituindo os valores antigos. Isso alimenta o alerta de preço do mês seguinte.
A10: Atenção: ao coletar o preço do pão, lembrem-se de registrar o valor correspondente a 1 kg de pão (aproximadamente 20 unidades), e não o preço de apenas uma unidade.
A11: Atenção: ao coletar o preço dos ovos, lembrem-se de registrar apenas o preço da unidade, e não o valor da cartela ou de outra quantidade.
A12: Atenção: ao coletar os preços no site Preço da Hora, verifique se há um valor em vermelho, com números menores, acima do preço em negrito e com números maiores. Registre apenas o preço em vermelho, pois ele corresponde ao preço sem promoção. O valor em negrito representa o preço promocional e, portanto, não deve ser utilizado na coleta.
A13: Atenção: ao coletar no preço da hora, o final da página pode pode conter um botão com a frase "mais resultados". Esse botão pode ser apertado somente três vezes consecutivas, depois o preço da hora dá erro. Depois de fazer "mais resultados" por três vezes, se ainda obtiver esse botão, vá ao item organizador da página e troque menor preço por maior preço e assim consiga mais três páginas.
A14: Atenção: ao preencher a planilha não faça uso de ctrl c, ctrl v. Pois a planilha possui formatações, formulas e layout que podem ser alteradas com essa prática.

Sheet Calendário
C2: ="CALENDÁRIO COLETA CESTA BÁSICA DE "&CHOOSE(MONTH(G4),"JANEIRO","FEVEREIRO","MARÇO","ABRIL","MAIO","JUNHO","JULHO","AGOSTO","SETEMBRO","OUTUBRO","NOVEMBRO","DEZEMBRO")&" DE "&YEAR(G4) -> CALENDÁRIO COLETA CESTA BÁSICA DE SETEMBRO DE 2026
A3: Código Estabelecimento | C3: Estabelecimentos | D3: Bairros | E3: Semana | F3: Dias da Semana | G3: Data | H3: Data Efetiva | I3: Pesquisador | J3: Crítica | K3: Prints | L3: Registros
A4: M1 | B4: Verificar | C4: Atakarejo | D4: Candeias | E4: =1+INT((NETWORKDAYS($G$4,H4)-1)/5) -> 2 | F4: =CHOOSE(WEEKDAY(H4,2),"Segunda-Feira","Terça-Feira","Quarta-Feira","Quinta-Feira","Sexta-Feira","Sábado","Domingo") -> Segunda-Feira | G4: 46272 | H4: 46279 | I4: Mécia | J4: Mateus | K4: Carlos Eduardo | L4: {=INDIRECT("'M1'!E108")} -> 40
A5: M2 | B5: E1.25 | C5: Supermercado São Jorge | D5: Henriqueta Prates | E5: =1+INT((NETWORKDAYS($G$4,H5)-1)/5) -> 2 | F5: =CHOOSE(WEEKDAY(H5,2),"Segunda-Feira","Terça-Feira","Quarta-Feira","Quinta-Feira","Sexta-Feira","Sábado","Domingo") -> Segunda-Feira | G5: =G4 -> 46272 | H5: 46279 | I5: Mécia | J5: Mateus | L5: {=INDIRECT("'M2'!E108")} -> 0
A6: M3 | B6: Verificar | C6: Economart | D6: Bateias | E6: =1+INT((NETWORKDAYS($G$4,H6)-1)/5) -> 1 | F6: =CHOOSE(WEEKDAY(H6,2),"Segunda-Feira","Terça-Feira","Quarta-Feira","Quinta-Feira","Sexta-Feira","Sábado","Domingo") -> Terça-Feira | G6: =G5+1 -> 46273 | H6: =G6 -> 46273 | I6: Darci | J6: Carlos Eduardo | K6: Mateus | L6: {=INDIRECT("'M3'!E108")} -> 44
A7: M4 | B7: E3.04 | C7: Mercadinho Deus Dará | D7: Alto Maron | E7: =1+INT((NETWORKDAYS($G$4,H7)-1)/5) -> 1 | F7: =CHOOSE(WEEKDAY(H7,2),"Segunda-Feira","Terça-Feira","Quarta-Feira","Quinta-Feira","Sexta-Feira","Sábado","Domingo") -> Terça-Feira | G7: =G6 -> 46273 | H7: =G7 -> 46273 | I7: Darci | J7: Carlos Eduardo | L7: {=INDIRECT("'M4'!E108")} -> 6
A8: M5 | B8: Verificar | C8: Mix Mateus | D8: Boa Vista | E8: =1+INT((NETWORKDAYS($G$4,H8)-1)/5) -> 1 | F8: =CHOOSE(WEEKDAY(H8,2),"Segunda-Feira","Terça-Feira","Quarta-Feira","Quinta-Feira","Sexta-Feira","Sábado","Domingo") -> Quarta-Feira | G8: =G7+1 -> 46274 | H8: =G8 -> 46274 | I8: Carlos Eduardo | J8: Igor | K8: Verônica | L8: {=INDIRECT("'M5'!E108")} -> 38
A9: M6 | B9: Verificar | C9: Mercado Eliene | D9: Ibirapuera | E9: =1+INT((NETWORKDAYS($G$4,H9)-1)/5) -> 1 | F9: =CHOOSE(WEEKDAY(H9,2),"Segunda-Feira","Terça-Feira","Quarta-Feira","Quinta-Feira","Sexta-Feira","Sábado","Domingo") -> Quarta-Feira | G9: =G8 -> 46274 | H9: =G9 -> 46274 | I9: Carlos Eduardo | J9: Igor | L9: {=INDIRECT("'M6'!E108")} -> 2
A10: M7 | B10: Verificar | C10: Santo Antônio Supermercados | D10: Candeias | E10: =1+INT((NETWORKDAYS($G$4,H10)-1)/5) -> 1 | F10: =CHOOSE(WEEKDAY(H10,2),"Segunda-Feira","Terça-Feira","Quarta-Feira","Quinta-Feira","Sexta-Feira","Sábado","Domingo") -> Quinta-Feira | G10: =G9+1 -> 46275 | H10: =G10 -> 46275 | I10: Igor | J10: Mécia | K10: Darci | L10: {=INDIRECT("'M7'!E108")} -> 48
A11: M8 | B11: E3.05 | C11: Mercado Teixeira | D11: Brasil | E11: =1+INT((NETWORKDAYS($G$4,H11)-1)/5) -> 1 | F11: =CHOOSE(WEEKDAY(H11,2),"Segunda-Feira","Terça-Feira","Quarta-Feira","Quinta-Feira","Sexta-Feira","Sábado","Domingo") -> Quinta-Feira | G11: =G10 -> 46275 | H11: =G11 -> 46275 | I11: Igor | J11: Mécia | L11: {=INDIRECT("'M8'!E108")} -> 12
A12: M9 | B12: E1.15 | C12: Supermercado Modelo | D12: Alto Maron | E12: =1+INT((NETWORKDAYS($G$4,H12)-1)/5) -> 1 | F12: =CHOOSE(WEEKDAY(H12,2),"Segunda-Feira","Terça-Feira","Quarta-Feira","Quinta-Feira","Sexta-Feira","Sábado","Domingo") -> Sexta-Feira | G12: =G11+1 -> 46276 | H12: =G12 -> 46276 | I12: Mateus | J12: Darci | K12: Mécia | L12: {=INDIRECT("'M9'!E108")} -> 0
A13: M10 | B13: E1.10 | C13: Supermercado Esplendor | D13: Boa Vista | E13: =1+INT((NETWORKDAYS($G$4,H13)-1)/5) -> 1 | F13: =CHOOSE(WEEKDAY(H13,2),"Segunda-Feira","Terça-Feira","Quarta-Feira","Quinta-Feira","Sexta-Feira","Sábado","Domingo") -> Sexta-Feira | G13: =G12 -> 46276 | H13: =G13 -> 46276 | I13: Mateus | J13: Darci | L13: {=INDIRECT("'M10'!E108")} -> 0
A14: M11 | B14: E2.01 | C14: Sendas Distribuidora S/A (Assaí Atacadista) | D14: Felícia | E14: =1+INT((NETWORKDAYS($G$4,H14)-1)/5) -> 2 | F14: =CHOOSE(WEEKDAY(H14,2),"Segunda-Feira","Terça-Feira","Quarta-Feira","Quinta-Feira","Sexta-Feira","Sábado","Domingo") -> Segunda-Feira | G14: =G13+3 -> 46279 | H14: 46279 | I14: Mécia | J14: Mateus | K14: Carlos Eduardo | L14: {=INDIRECT("'M11'!E108")} -> 0
A15: M12 | B15: E1.22 | C15: Supermercado Sampaio | D15: Guarani | E15: =1+INT((NETWORKDAYS($G$4,H15)-1)/5) -> 2 | F15: =CHOOSE(WEEKDAY(H15,2),"Segunda-Feira","Terça-Feira","Quarta-Feira","Quinta-Feira","Sexta-Feira","Sábado","Domingo") -> Segunda-Feira | G15: =G14 -> 46279 | H15: 46279 | I15: Mécia | J15: Mateus | L15: {=INDIRECT("'M12'!E108")} -> 0
A16: M13 | B16: Verificar | C16: Atacadão (Brumado) | D16: Bateias | E16: =1+INT((NETWORKDAYS($G$4,H16)-1)/5) -> 2 | F16: =CHOOSE(WEEKDAY(H16,2),"Segunda-Feira","Terça-Feira","Quarta-Feira","Quinta-Feira","Sexta-Feira","Sábado","Domingo") -> Terça-Feira | G16: =G15+1 -> 46280 | H16: =G16 -> 46280 | I16: Darci | J16: Carlos Eduardo | K16: Mateus | L16: {=INDIRECT("'M13'!E108")} -> 31
A17: M14 | B17: Verificar | C17: Supermercado Central Ipanema | D17: Boa Vista | E17: =1+INT((NETWORKDAYS($G$4,H17)-1)/5) -> 2 | F17: =CHOOSE(WEEKDAY(H17,2),"Segunda-Feira","Terça-Feira","Quarta-Feira","Quinta-Feira","Sexta-Feira","Sábado","Domingo") -> Terça-Feira | G17: =G16 -> 46280 | H17: =G17 -> 46280 | I17: Darci | J17: Carlos Eduardo | L17: {=INDIRECT("'M14'!E108")} -> 10
A18: M15 | B18: Verificar | C18: Supermercados BH (Juracy) | D18: Boa Vista | E18: =1+INT((NETWORKDAYS($G$4,H18)-1)/5) -> 2 | F18: =CHOOSE(WEEKDAY(H18,2),"Segunda-Feira","Terça-Feira","Quarta-Feira","Quinta-Feira","Sexta-Feira","Sábado","Domingo") -> Quarta-Feira | G18: =G17+1 -> 46281 | H18: =G18 -> 46281 | I18: Carlos Eduardo | J18: Igor | K18: Verônica | L18: {=INDIRECT("'M15'!E108")} -> 0
A19: M16 | B19: E1.08 | C19: Supermercado Canaã | D19: Campinhos | E19: =1+INT((NETWORKDAYS($G$4,H19)-1)/5) -> 2 | F19: =CHOOSE(WEEKDAY(H19,2),"Segunda-Feira","Terça-Feira","Quarta-Feira","Quinta-Feira","Sexta-Feira","Sábado","Domingo") -> Quarta-Feira | G19: =G18 -> 46281 | H19: =G19 -> 46281 | I19: Carlos Eduardo | J19: Igor | L19: {=INDIRECT("'M16'!E108")} -> 0
A20: M17 | B20: E1.06 | C20: Supermercado Aliança | D20: Patagônia | E20: =1+INT((NETWORKDAYS($G$4,H20)-1)/5) -> 2 | F20: =CHOOSE(WEEKDAY(H20,2),"Segunda-Feira","Terça-Feira","Quarta-Feira","Quinta-Feira","Sexta-Feira","Sábado","Domingo") -> Quinta-Feira | G20: =G19+1 -> 46282 | H20: =G20 -> 46282 | I20: Igor | J20: Mécia | K20: Darci | L20: {=INDIRECT("'M17'!E108")} -> 0
A21: M18 | B21: Verificar | C21: Pereira Atacado e Varejo (Boa Vista) | D21: Boa Vista | E21: =1+INT((NETWORKDAYS($G$4,H21)-1)/5) -> 2 | F21: =CHOOSE(WEEKDAY(H21,2),"Segunda-Feira","Terça-Feira","Quarta-Feira","Quinta-Feira","Sexta-Feira","Sábado","Domingo") -> Quinta-Feira | G21: =G20 -> 46282 | H21: =G21 -> 46282 | I21: Igor | J21: Mécia | L21: {=INDIRECT("'M18'!E108")} -> 0
A22: M19 | B22: E1.24 | C22: Andralmeida LTDA (São Geraldo) | D22: Alto Maron | E22: =1+INT((NETWORKDAYS($G$4,H22)-1)/5) -> 2 | F22: =CHOOSE(WEEKDAY(H22,2),"Segunda-Feira","Terça-Feira","Quarta-Feira","Quinta-Feira","Sexta-Feira","Sábado","Domingo") -> Sexta-Feira | G22: =G21+1 -> 46283 | H22: =G22 -> 46283 | I22: Mateus | J22: Darci | K22: Mécia | L22: {=INDIRECT("'M19'!E108")} -> 0
A23: M20 | B23: Verificar | C23: São Miguel Supermercado | D23: Espírito Santo | E23: =1+INT((NETWORKDAYS($G$4,H23)-1)/5) -> 2 | F23: =CHOOSE(WEEKDAY(H23,2),"Segunda-Feira","Terça-Feira","Quarta-Feira","Quinta-Feira","Sexta-Feira","Sábado","Domingo") -> Sexta-Feira | G23: =G22 -> 46283 | H23: =G23 -> 46283 | I23: Mateus | J23: Darci | L23: {=INDIRECT("'M20'!E108")} -> 0
A24: M21 | B24: Verificar | C24: Supermercados BH (Rosa Cruz) | D24: Candeias | E24: =1+INT((NETWORKDAYS($G$4,H24)-1)/5) -> 3 | F24: =CHOOSE(WEEKDAY(H24,2),"Segunda-Feira","Terça-Feira","Quarta-Feira","Quinta-Feira","Sexta-Feira","Sábado","Domingo") -> Segunda-Feira | G24: =G23+3 -> 46286 | H24: =G24 -> 46286 | I24: Mécia | J24: Mateus | K24: Carlos Eduardo | L24: {=INDIRECT("'M21'!E108")} -> 0
A25: M22 | B25: E1.03 | C25: Supermercados N U (Bairro Brasil) | D25: Brasil | E25: =1+INT((NETWORKDAYS($G$4,H25)-1)/5) -> 3 | F25: =CHOOSE(WEEKDAY(H25,2),"Segunda-Feira","Terça-Feira","Quarta-Feira","Quinta-Feira","Sexta-Feira","Sábado","Domingo") -> Segunda-Feira | G25: =G24 -> 46286 | H25: =G25 -> 46286 | I25: Mécia | J25: Mateus | L25: {=INDIRECT("'M22'!E108")} -> 0
A26: M23 | B26: E2.02 | C26: Atacadão (Pres. Dutra) | D26: Felícia | E26: =1+INT((NETWORKDAYS($G$4,H26)-1)/5) -> 3 | F26: =CHOOSE(WEEKDAY(H26,2),"Segunda-Feira","Terça-Feira","Quarta-Feira","Quinta-Feira","Sexta-Feira","Sábado","Domingo") -> Terça-Feira | G26: =G25+1 -> 46287 | H26: =G26 -> 46287 | I26: Darci | J26: Carlos Eduardo | K26: Mateus | L26: {=INDIRECT("'M23'!E108")} -> 0
A27: M24 | B27: Verificar | C27: Supermercado São João | D27: Guarani | E27: =1+INT((NETWORKDAYS($G$4,H27)-1)/5) -> 3 | F27: =CHOOSE(WEEKDAY(H27,2),"Segunda-Feira","Terça-Feira","Quarta-Feira","Quinta-Feira","Sexta-Feira","Sábado","Domingo") -> Terça-Feira | G27: =G26 -> 46287 | H27: =G27 -> 46287 | I27: Darci | J27: Carlos Eduardo | L27: {=INDIRECT("'M24'!E108")} -> 0
A28: M25 | B28: E1.11 | C28: G Barbosa Supermercado | D28: Candeias | E28: =1+INT((NETWORKDAYS($G$4,H28)-1)/5) -> 3 | F28: =CHOOSE(WEEKDAY(H28,2),"Segunda-Feira","Terça-Feira","Quarta-Feira","Quinta-Feira","Sexta-Feira","Sábado","Domingo") -> Quarta-Feira | G28: =G27+1 -> 46288 | H28: =G28 -> 46288 | I28: Carlos Eduardo | J28: Igor | K28: Verônica | L28: {=INDIRECT("'M25'!E108")} -> 0
A29: M26 | B29: Verificar | C29: Pereira Atacado e Varejo (Alto Maron) | D29: Alto Maron | E29: =1+INT((NETWORKDAYS($G$4,H29)-1)/5) -> 3 | F29: =CHOOSE(WEEKDAY(H29,2),"Segunda-Feira","Terça-Feira","Quarta-Feira","Quinta-Feira","Sexta-Feira","Sábado","Domingo") -> Quarta-Feira | G29: =G28 -> 46288 | H29: =G29 -> 46288 | I29: Carlos Eduardo | J29: Igor | L29: {=INDIRECT("'M26'!E108")} -> 0
A30: M27 | B30: Verificar | C30: Supermercados BH (Brumado) | D30: Ibirapuera | E30: =1+INT((NETWORKDAYS($G$4,H30)-1)/5) -> 3 | F30: =CHOOSE(WEEKDAY(H30,2),"Segunda-Feira","Terça-Feira","Quarta-Feira","Quinta-Feira","Sexta-Feira","Sábado","Domingo") -> Quinta-Feira | G30: =G29+1 -> 46289 | H30: =G30 -> 46289 | I30: Igor | J30: Mécia | K30: Darci | L30: {=INDIRECT("'M27'!E108")} -> 0
A31: M28 | B31: Verificar | C31: Super Mix Supermercado | D31: Boa Vista | E31: =1+INT((NETWORKDAYS($G$4,H31)-1)/5) -> 3 | F31: =CHOOSE(WEEKDAY(H31,2),"Segunda-Feira","Terça-Feira","Quarta-Feira","Quinta-Feira","Sexta-Feira","Sábado","Domingo") -> Quinta-Feira | G31: =G30 -> 46289 | H31: =G31 -> 46289 | I31: Igor | J31: Mécia | L31: {=INDIRECT("'M28'!E108")} -> 0
A32: M29 | B32: Verificar | C32: Gbom Supermercado | D32: Ibirapuera | E32: =1+INT((NETWORKDAYS($G$4,H32)-1)/5) -> 3 | F32: =CHOOSE(WEEKDAY(H32,2),"Segunda-Feira","Terça-Feira","Quarta-Feira","Quinta-Feira","Sexta-Feira","Sábado","Domingo") -> Sexta-Feira | G32: =G31+1 -> 46290 | H32: =G32 -> 46290 | I32: Mateus | J32: Darci | K32: Mécia | L32: {=INDIRECT("'M29'!E108")} -> 0
A33: M30 | B33: E1.07 | C33: Supermercado Azevedo | D33: Urbis VI | E33: =1+INT((NETWORKDAYS($G$4,H33)-1)/5) -> 3 | F33: =CHOOSE(WEEKDAY(H33,2),"Segunda-Feira","Terça-Feira","Quarta-Feira","Quinta-Feira","Sexta-Feira","Sábado","Domingo") -> Sexta-Feira | G33: =G32 -> 46290 | H33: =G33 -> 46290 | I33: Mateus | J33: Darci | L33: {=INDIRECT("'M30'!E108")} -> 0
A34: M31 | B34: E1.12 | C34: Supermercado Jurema | D34: Jurema | E34: =1+INT((NETWORKDAYS($G$4,H34)-1)/5) -> 4 | F34: =CHOOSE(WEEKDAY(H34,2),"Segunda-Feira","Terça-Feira","Quarta-Feira","Quinta-Feira","Sexta-Feira","Sábado","Domingo") -> Segunda-Feira | G34: =G33+3 -> 46293 | H34: =G34 -> 46293 | I34: Mécia | J34: Mateus | K34: Carlos Eduardo | L34: {=INDIRECT("'M31'!E108")} -> 0
A35: M32 | B35: E4.03 | C35: Supermercado Petybom | D35: Primavera | E35: =1+INT((NETWORKDAYS($G$4,H35)-1)/5) -> 4 | F35: =CHOOSE(WEEKDAY(H35,2),"Segunda-Feira","Terça-Feira","Quarta-Feira","Quinta-Feira","Sexta-Feira","Sábado","Domingo") -> Segunda-Feira | G35: =G34 -> 46293 | H35: =G35 -> 46293 | I35: Mécia | J35: Mateus | L35: {=INDIRECT("'M32'!E108")} -> 0
A36: M33 | B36: E1.20 | C36: Supermercados Petrópolis | D36: Cruzeiro | E36: =1+INT((NETWORKDAYS($G$4,H36)-1)/5) -> 4 | F36: =CHOOSE(WEEKDAY(H36,2),"Segunda-Feira","Terça-Feira","Quarta-Feira","Quinta-Feira","Sexta-Feira","Sábado","Domingo") -> Terça-Feira | G36: =G35+1 -> 46294 | H36: =G36 -> 46294 | I36: Darci | J36: Carlos Eduardo | K36: Mateus | L36: {=INDIRECT("'M33'!E108")} -> 0
A37: M34 | B37: Verificar | C37: Supermercados N U (Boulevard) | D37: Candeias | E37: =1+INT((NETWORKDAYS($G$4,H37)-1)/5) -> 4 | F37: =CHOOSE(WEEKDAY(H37,2),"Segunda-Feira","Terça-Feira","Quarta-Feira","Quinta-Feira","Sexta-Feira","Sábado","Domingo") -> Terça-Feira | G37: =G36 -> 46294 | H37: =G37 -> 46294 | I37: Darci | J37: Carlos Eduardo | L37: {=INDIRECT("'M34'!E108")} -> 0
A38: M35 | B38: E1.14 | C38: Supermercado Local | D38: Vila Serrana | E38: =1+INT((NETWORKDAYS($G$4,H38)-1)/5) -> 4 | F38: =CHOOSE(WEEKDAY(H38,2),"Segunda-Feira","Terça-Feira","Quarta-Feira","Quinta-Feira","Sexta-Feira","Sábado","Domingo") -> Quarta-Feira | G38: =G37+1 -> 46295 | H38: =G38 -> 46295 | I38: Carlos Eduardo | J38: Igor | K38: Verônica | L38: {=INDIRECT("'M35'!E108")} -> 0
A39: M36 | B39: E1.21 | C39: Rondelli Comércio e transporte LTDA | D39: Candeias | E39: =1+INT((NETWORKDAYS($G$4,H39)-1)/5) -> 4 | F39: =CHOOSE(WEEKDAY(H39,2),"Segunda-Feira","Terça-Feira","Quarta-Feira","Quinta-Feira","Sexta-Feira","Sábado","Domingo") -> Quarta-Feira | G39: =G38 -> 46295 | H39: =G39 -> 46295 | I39: Carlos Eduardo | J39: Igor | L39: {=INDIRECT("'M36'!E108")} -> 0
A40: M37 | B40: E1.17 | C40: NS Aparecida | D40: Brasil | E40: =1+INT((NETWORKDAYS($G$4,H40)-1)/5) -> 3 | F40: =CHOOSE(WEEKDAY(H40,2),"Segunda-Feira","Terça-Feira","Quarta-Feira","Quinta-Feira","Sexta-Feira","Sábado","Domingo") -> Quinta-Feira | G40: =G39+1 -> 46296 | H40: 46289 | I40: Igor | J40: Mécia | K40: Darci | L40: {=INDIRECT("'M37'!E108")} -> 0
A41: M38 | B41: Verificar | C41: Supermercado Família | D41: Felícia | E41: =1+INT((NETWORKDAYS($G$4,H41)-1)/5) -> 3 | F41: =CHOOSE(WEEKDAY(H41,2),"Segunda-Feira","Terça-Feira","Quarta-Feira","Quinta-Feira","Sexta-Feira","Sábado","Domingo") -> Quinta-Feira | G41: =G40 -> 46296 | H41: 46289 | I41: Igor | J41: Mécia | L41: {=INDIRECT("'M38'!E108")} -> 0
A42: M39 | B42: E1.16 | C42: S Nossa Senhora | D42: Urbis V | E42: =1+INT((NETWORKDAYS($G$4,H42)-1)/5) -> 3 | F42: =CHOOSE(WEEKDAY(H42,2),"Segunda-Feira","Terça-Feira","Quarta-Feira","Quinta-Feira","Sexta-Feira","Sábado","Domingo") -> Sexta-Feira | G42: =G41+1 -> 46297 | H42: 46290 | I42: Mateus | J42: Darci | K42: Mécia | L42: {=INDIRECT("'M39'!E108")} -> 0
A43: M40 | B43: E1.18 | C43: Supermercado Nova Economia | D43: Centro | E43: =1+INT((NETWORKDAYS($G$4,H43)-1)/5) -> 3 | F43: =CHOOSE(WEEKDAY(H43,2),"Segunda-Feira","Terça-Feira","Quarta-Feira","Quinta-Feira","Sexta-Feira","Sábado","Domingo") -> Sexta-Feira | G43: =G42 -> 46297 | H43: 46290 | I43: Mateus | J43: Darci | L43: {=INDIRECT("'M40'!E108")} -> 0
A44: =COUNTA(A4:A43)&" Estabelecimentos" -> 40 Estabelecimentos | D44: 19 Bairros | F44: 20 Dias de Pesquisas | K44: Qtd Preços Pesquisados | L44: =SUM(L4:L43) -> 231

Sheet Histórico - Média Mês Anterior
A1: INSTRUÇÕES: no fim de cada mês, copie a coluna PREÇO MÉDIO da aba "Resumos, Totais e Médias" e cole AQUI como VALORES (Ctrl+Shift+V > Colar valores) antes de iniciar a coleta do mês seguinte.
A3: ITEM/PRODUTO | B3: CÓDIGO DO PRODUTO | C3: MARCAS DO PRODUTO | D3: CÓD. BARRAS PdH | E3: PREÇO
A4: Açúcar 1.1.05
A5: Açucar (1Kg) | E5: 3.6068519
B6: 1.1.05.01 | C6: Açucar Cristal Vida 1Kg | D6: 7898920795044 | E6: 3.6889474
B7: 1.1.05.01 | C7: Açucar Cristal Coceal 1Kg | D7: 7898292530038 | E7: 3.9092308
B8: 1.1.05.01 | C8: Açúcar Cristal Vale Bahia 1Kg | D8: 7898968872011 | E8: 3.6466667
B9: 1.1.05.01 | C9: Açucar Cristal Dona Mira 1Kg | D9: 7898964714070 | E9: 3.0866667
B10: 1.1.05.01 | C10: Açucar Cristal Baiano 1Kg | D10: 7898920795259 | E10: 3.2171429
A11: Arroz 1.2.03
A12: Arroz Parboilizado (1Kg) | E12: 4.7923729
B13: 1.2.03.01 | C13: Arroz Parboilizado Urbano 1Kg | D13: 7896038306053 | E13: 4.9895652
B14: 1.2.03.01 | C14: Arroz Parboilizado Tio João 1Kg | D14: 7893500018469 | E14: 5.0316667
B15: 1.2.03.01 | C15: Arroz Parboilizado Fazenda 1Kg | D15: 7896389600107 | E15: 4.085
B16: 1.2.03.01 | C16: Arroz Parboilizado Tia Maria 1Kg | D16: 609963230297 | E16: 4.1333333
B17: 1.2.03.01 | C17: Arroz Parboilizado Camil 1Kg | D17: 7896006716112 | E17: 5.013
A18: Frutas 1.3.02 | E18: 6.6884615
B19: 1.3.02.01 | C19: Banana da Prata (1 Kg) | D19: BANANA PRATA | E19: 5.6996429
B20: 1.3.02.02 | C20: Maça Nacional Vermelha (1 Kg) | D20: MAÇA NACIONAL | E20: 9.2054545
A21: Café 1.1.03
A22: Café (250g)
B23: 1.1.03.01 | C23: Café Torrado e Moído Tradicional 250g Bahia a Vácuo | D23: 7898017920199
B24: 1.1.03.01 | C24: Café Torrado e Moído Tradicional 250g Pilão a Vácuo | D24: 7896089012637
B25: 1.1.03.01 | C25: Café Torrado e Moído Tradicional 250g 3 Corações a Vácuo | D25: 7896005800362
B26: 1.1.03.01 | C26: Café Torrado e Moído Tradicional 250g Mellita a Vácuo | D26: 7891021006071
B27: 1.1.03.01 | C27: Café Torrado e Moído Tradicional 250g Maratá a Vácuo | D27: 7898286200039
A28: Carnes, ovos e embutidos 1.2.01
B29: 1.2.01.01 | C29: Carne Acém (1 kg) | D29: CARNE ACÉM | E29: 34.600909
B30: 1.2.01.02 | C30: Carne Alcatra (1 kg) | D30: CARNE ALCATRA | E30: 48.078889
B31: 1.2.01.03 | C31: Charque - Dianteira ou Ponta de Agulha (1Kg) | D31: CHARQUE
B32: 1.2.01.04 | C32: Frango Inteiro Congelado (1 kg) | D32: FRANGO INTEIRO | E32: 10.903
B33: 1.2.01.06 | C33: Ovos Brancos (Unid.) | D33: OVOS BRANCOS | E33: 2.5111111
A34: Linguiça Calabresa (400g) | E34: 15.277091
B35: 1.2.01.05 | C35: Linguiça Calabresa 400g Sadia | D35: 7891515620981 | E35: 13.804286
B36: 1.2.01.05 | C36: Linguiça Calabresa 400g Perdigao | D36: 7891515977511 | E36: 15.394706
B37: 1.2.01.05 | C37: Linguiça Calabresa 400g Seara | D37: 7894904009862 | E37: 15.526111
B38: 1.2.01.05 | C38: Linguiça Calabresa 400g Pamplona | D38: 7896716301271 | E38: 16.98
B39: 1.2.01.05 | C39: Linguiça Calabresa 400g Aurora | D39: 7891164005832 | E39: 17.96
A40: Farinhas e Massas 1.1.02
A41: Farinha de Mandioca (1Kg) | E41: 6.7670588
B42: 1.1.02.01 | C42: Farinha de Mandioca Branca 1Kg São João | D42: 7898357410022 | E42: 4.90875
B43: 1.1.02.01 | C43: Farinha de Mandioca Branca 1Kg São Miguel | D43: 7898031690030 | E43: 9.8855556
B44: 1.1.02.01 | C44: Farinha de Mandioca Amarela 1Kg São João | D44: 7898357410015 | E44: 4.9425
B45: 1.1.02.01 | C45: Farinha de Mandioca Amarela 1Kg São Miguel | D45: 7898031690023 | E45: 9.853
A46: Farinha de Milho (500g) | E46: 2.396338
B47: 1.1.02.02 | C47: Farinha de Milho 500g Coringa | D47: 7896481130137 | E47: 2.6076
B48: 1.1.02.02 | C48: Farinha de Milho 500g Maratá | D48: 7898932426042 | E48: 1.8642857
B49: 1.1.02.02 | C49: Farinha de Milho 500g Dona Clara | D49: 7896490288775 | E49: 1.9623077
B50: 1.1.02.02 | C50: Farinha de Milho 500g Vitamilho | D50: 7898366930023 | E50: 1.9290909
B51: 1.1.02.02 | C51: Farinha de Milho 500g Bahia | D51: 7898097320018 | E51: 4.015
A52: Macarrão Espaguete (500g)
B53: 1.1.02.03 | C53: Macarrão Espaguete Ovos 500g Brandini | D53: 7896005213193 | E53: 4.7736842
B54: 1.1.02.03 | C54: Macarrão Espaguete Ovos 500g Dona Benta | D54: 7896005286579 | E54: 4.7630769
B55: 1.1.02.03 | C55: Macarrão Espaguete Ovos 500g Santa Amália | D55: 7896021300044 | E55: 5.67
B56: 1.1.02.03 | C56: Macarrão Espaguete Ovos 500g Paulista | D56: 7896763621001 | E56: 3.996
B57: 1.1.02.03 | C57: Macarrão Espaguete Ovos 500g Petybon | D57: 7897721410002
A58: Feijão 1.2.02
A59: Feijão Carioca (1 kg) | E59: 9.7791667
B60: 1.2.02.01 | C60: Feijão Carioca 1Kg Vida | D60: 7898920795051 | E60: 9.0115385
B61: 1.2.02.01 | C61: Feijão Carioca 1Kg Kicaldo | D61: 7896116900029 | E61: 10.608571
B62: 1.2.02.01 | C62: Feijão Carioca 1Kg Dona Alice | D62: 7898903143015 | E62: 9.9036364
B63: 1.2.02.01 | C63: Feijão Carioca 1Kg Padim | D63: 7898902334018 | E63: 9.435
B64: 1.2.02.01 | C64: Feijão Carioca 1Kg Ki Sabor | D64: 7898930231037 | E64: 9.545
A65: Leite e Derivados 1.1.01
A66: Leite Pasteurizado (1 lt) | E66: 7.0316667
B67: 1.1.01.01 | C67: Leite UHT Integral caixa 1L Piracanjuba | D67: 7898215151708 | E67: 8.1108696
B68: 1.1.01.01 | C68: Leite UHT Integral caixa 1L Betania | D68: 7898403782387 | E68: 6.9596154
B69: 1.1.01.01 | C69: Leite UHT Integral caixa 1L Damare | D69: 7898945133203 | E69: 6.4444444
B70: 1.1.01.01 | C70: Leite Pasteurizado Integral saco tipo C 1L Vitória | D70: 7898168390018 | E70: 6.1383333
B71: 1.1.01.01 | C71: Leite Pasteurizado Integral saco tipo C 1L Conquista | D71: 7897856400091 | E71: 6.16375
A72: Queijo Mussarela (150g) | E72: 11.4284
B73: 1.1.01.02 | C73: Queijo Mussarela 150g Davaca | D73: 7897318572823 | E73: 10.471667
B74: 1.1.01.02 | C74: Queijo Mussarela 150g Sadia | D74: 7891515591939 | E74: 11.278182
B75: 1.1.01.02 | C75: Queijo Mussarela 150g President | D75: 7898955617526 | E75: 12.099
B76: 1.1.01.02 | C76: Queijo Mussarela 150g Galbani | D76: 7891097105739 | E76: 11.985833
B77: 1.1.01.02 | C77: Queijo Mussarela 150g Piracanjuba | D77: 7898215150282 | E77: 11.376
A78: Queijo Prato (150g) | E78: 11.305111
B79: 1.1.01.03 | C79: Queijo Prato 150g Davaca | D79: 7897318572830 | E79: 10.334286
B80: 1.1.01.03 | C80: Queijo Prato 150g Sadia | D80: 7891515592080 | E80: 11.236667
B81: 1.1.01.03 | C81: Queijo Prato 150g Galbani | D81: 7891097105739 | E81: 11.642222
B82: 1.1.01.03 | C82: Queijo Prato 150g Piracanjuba | D82: 7898215150657 | E82: 11.92375
B83: 1.1.01.03 | C83: Queijo Prato 150g President | D83: 7898955617519 | E83: 12.55
A84: Manteiga (500g) | E84: 26.819649
B85: 1.1.01.04 | C85: Manteiga 500g Davaca | D85: 7897318572816 | E85: 26.828947
B86: 1.1.01.04 | C86: Manteiga 500g Conleite | D86: 7898129140034 | E86: 27.656154
B87: 1.1.01.04 | C87: Manteiga 500g Verona | D87: 7897717900135 | E87: 27.888889
B88: 1.1.01.04 | C88: Manteiga 500g Natville | D88: 7898387120083 | E88: 23.211
B89: 1.1.01.04 | C89: Manteiga 500g Piracanjuba | D89: 7898215151319 | E89: 29.388333
A90: Óleo 1.1.06
A91: Óleo (900 ml) | E91: 8.2470732
B92: 1.1.06.01 | C92: Óleo de Soja 900ml garrafa Soya | D92: 7891107101621 | E92: 8.5511538
B93: 1.1.06.01 | C93: Óleo de Soja 900ml garrafa Liza | D93: 7896036090244 | E93: 7.7553846
B94: 1.1.06.01 | C94: Óleo de Soja 900ml garrafa Sinhá | D94: 7892300030060 | E94: 7.49
B95: 1.1.06.01 | C95: Óleo de Soja 900ml garrafa Concórdia | D95: 7898247780075
B96: 1.1.06.01 | C96: Óleo de Soja 900ml garrafa Primor | D96: 7891080803673
A97: Pão Francês 1.1.04 | E97: 14.221538
B98: 1.1.04.01 | C98: Pão Francês (1 kg) | D98: PÃO FRANCÊS | E98: 14.221538
A99: Tubérculos, raízes e legumes 1.3.01 | E99: 6.0930882
B100: 1.3.01.01 | C100: Tomate (1 kg) | D100: TOMATE KG | E100: 4.5086364
B101: 1.3.01.02 | C101: Cebola Branca (1 Kg) | D101: CEBOLA BRANCA KG | E101: 5.9684211
...

Sheet M1
A2: QUESTIONÁRIO DE COLETA DE PREÇOS
A3: DATA: | B3: =IFERROR(Calendário!H4,"") -> 46279 | C3: ESTABELECIMENTO: | D3: =Calendário!C4 -> Atakarejo
A4: SEMANA: | B4: =IFERROR(Calendário!E4,"") -> 2 | C4: PESQUISADOR: | D4: =IFERROR(IF(Calendário!I4=0,"",Calendário!I4),"") -> Mécia
A5: HORA: | C5: CRÍTICA: | D5: =IFERROR(IF(Calendário!J4=0,"",Calendário!J4),"") -> Mateus
A7: ITEM/PRODUTO | B7: CÓDIGO DO PRODUTO | C7: MARCAS DO PRODUTO | D7: CÓD. BARRAS PdH | E7: PREÇO
A8: Açúcar 1.1.05
A9: Açucar (1Kg)
B10: 1.1.05.01 | C10: Açucar Cristal Vida 1Kg | D10: 7898920795044 | E10: 3.19
B11: 1.1.05.01 | C11: Açucar Cristal Coceal 1Kg | D11: 7898292530038 | E11: x
B12: 1.1.05.01 | C12: Açúcar Cristal Vale Bahia 1Kg | D12: 7898968872011 | E12: x
B13: 1.1.05.01 | C13: Açucar Cristal Dona Mira 1Kg | D13: 7898964714070 | E13: x
B14: 1.1.05.01 | C14: Açucar Cristal Baiano 1Kg | D14: 7898920795259 | E14: 3.06
A15: Arroz 1.2.03
A16: Arroz Parboilizado (1Kg)
B17: 1.2.03.01 | C17: Arroz Parboilizado Urbano 1Kg | D17: 7896038306053 | E17: x
B18: 1.2.03.01 | C18: Arroz Parboilizado Tio João 1Kg | D18: 7893500018469 | E18: 4.98
B19: 1.2.03.01 | C19: Arroz Parboilizado Fazenda 1Kg | D19: 7896389600107 | E19: x
B20: 1.2.03.01 | C20: Arroz Parboilizado Tia Maria 1Kg | D20: 609963230297 | E20: x
B21: 1.2.03.01 | C21: Arroz Parboilizado Camil 1Kg | D21: 7896006716112 | E21: 4.88
A22: Frutas 1.3.02
B23: 1.3.02.01 | C23: Banana da Prata (1 Kg) | D23: BANANA PRATA | E23: 5.69
B24: 1.3.02.02 | C24: Maça Nacional Vermelha (1 Kg) | D24: MAÇA NACIONAL | E24: x
A25: Café 1.1.03
A26: Café (250g)
B27: 1.1.03.01 | C27: Café Torrado e Moído Tradicional 250g Bahia a Vácuo | D27: 7898017920199 | E27: 11.48
B28: 1.1.03.01 | C28: Café Torrado e Moído Tradicional 250g Pilão a Vácuo | D28: 7896089012637 | E28: 14.79
B29: 1.1.03.01 | C29: Café Torrado e Moído Tradicional 250g 3 Corações a Vácuo | D29: 7896005800362 | E29: 12.98
B30: 1.1.03.01 | C30: Café Torrado e Moído Tradicional 250g Mellita a Vácuo | D30: 7891021006071 | E30: 11.79
B31: 1.1.03.01 | C31: Café Torrado e Moído Tradicional 250g Maratá a Vácuo | D31: 7898286200039 | E31: 14.09
A32: Carnes, ovos e embutidos 1.2.01
B33: 1.2.01.01 | C33: Carne Acém (1 kg) | D33: CARNE ACÉM | E33: 27.8
B34: 1.2.01.02 | C34: Carne Alcatra (1 kg) | D34: CARNE ALCATRA | E34: 47.48
B35: 1.2.01.03 | C35: Charque - Dianteira ou Ponta de Agulha (1Kg) | D35: CHARQUE | E35: 40.98
B36: 1.2.01.04 | C36: Frango Inteiro Congelado (1 kg) | D36: FRANGO INTEIRO | E36: x
B37: 1.2.01.06 | C37: Ovos Brancos (Unid.) | D37: OVOS BRANCOS | E37: x
A38: Linguiça Calabresa (400g)
B39: 1.2.01.05 | C39: Linguiça Calabresa 400g Sadia | D39: 7891515620981 | E39: 13.78
B40: 1.2.01.05 | C40: Linguiça Calabresa 400g Perdigao | D40: 7891515977511 | E40: 15.06
B41: 1.2.01.05 | C41: Linguiça Calabresa 400g Seara | D41: 7894904009862 | E41: 14.99
B42: 1.2.01.05 | C42: Linguiça Calabresa 400g Pamplona | D42: 7896716301271 | E42: x
B43: 1.2.01.05 | C43: Linguiça Calabresa 400g Aurora | D43: 7891164005832 | E43: 18.75
A44: Farinhas e Massas 1.1.02
A45: Farinha de Mandioca (1Kg)
B46: 1.1.02.01 | C46: Farinha de Mandioca Branca 1Kg São João | D46: 7898357410022 | E46: x
B47: 1.1.02.01 | C47: Farinha de Mandioca Branca 1Kg São Miguel | D47: 7898031690030 | E47: x
B48: 1.1.02.01 | C48: Farinha de Mandioca Amarela 1Kg São João | D48: 7898357410015 | E48: x
B49: 1.1.02.01 | C49: Farinha de Mandioca Amarela 1Kg São Miguel | D49: 7898031690023 | E49: x
A50: Farinha de Milho (500g)
B51: 1.1.02.02 | C51: Farinha de Milho 500g Coringa | D51: 7896481130137 | E51: 2.04
B52: 1.1.02.02 | C52: Farinha de Milho 500g Maratá | D52: 7898932426042 | E52: 1.65
B53: 1.1.02.02 | C53: Farinha de Milho 500g Dona Clara | D53: 7896490288775 | E53: 1.59
B54: 1.1.02.02 | C54: Farinha de Milho 500g Vitamilho | D54: 7898366930023 | E54: 1.68
B55: 1.1.02.02 | C55: Farinha de Milho 500g Bahia | D55: 7898097320018 | E55: x
A56: Macarrão Espaguete (500g)
B57: 1.1.02.03 | C57: Macarrão Espaguete Ovos 500g Brandini | D57: 7896005213193 | E57: x
B58: 1.1.02.03 | C58: Macarrão Espaguete Ovos 500g Dona Benta | D58: 7896005286579 | E58: 3.89
B59: 1.1.02.03 | C59: Macarrão Espaguete Ovos 500g Santa Amália | D59: 7896021300044 | E59: x
B60: 1.1.02.03 | C60: Macarrão Espaguete Ovos 500g Paulista | D60: 7896763621001 | E60: x
B61: 1.1.02.03 | C61: Macarrão Espaguete Ovos 500g Petybon | D61: 7897721410002 | E61: 4.48
A62: Feijão Carioca 1.2.02.01
A63: Feijão Carioca (1 kg)
B64: 1.2.02.01 | C64: Feijão Carioca 1Kg Vida | D64: 7898920795051 | E64: 7.55
B65: 1.2.02.01 | C65: Feijão Carioca 1Kg Kicaldo | D65: 7896116900029 | E65: 8.68
B66: 1.2.02.01 | C66: Feijão Carioca 1Kg Dona Alice | D66: 7898903143015 | E66: x
B67: 1.2.02.01 | C67: Feijão Carioca 1Kg Padim | D67: 7898902334018 | E67: x
B68: 1.2.02.01 | C68: Feijão Carioca 1Kg Ki Sabor | D68: 7898930231037 | E68: x
A69: Leite e Derivados 1.1.01
A70: Leite Pasteurizado (1 lt)
B71: 1.1.01.01 | C71: Leite UHT Integral caixa 1L Piracanjuba | D71: 7898215151708 | E71: 7.78
B72: 1.1.01.01 | C72: Leite UHT Integral caixa 1L Betania | D72: 7898403782387 | E72: 6.29
B73: 1.1.01.01 | C73: Leite UHT Integral caixa 1L Damare | D73: 7898945133203 | E73: x
B74: 1.1.01.01 | C74: Leite Pasteurizado Integral saco tipo C 1L Vitória | D74: 7898168390018 | E74: x
B75: 1.1.01.01 | C75: Leite Pasteurizado Integral saco tipo C 1L Conquista | D75: 7897856400091 | E75: x
A76: Queijo Mussarela (150g)
B77: 1.1.01.02 | C77: Queijo Mussarela 150g Davaca | D77: 7897318572823 | E77: 8.45
B78: 1.1.01.02 | C78: Queijo Mussarela 150g Sadia | D78: 7891515591939 | E78: x
B79: 1.1.01.02 | C79: Queijo Mussarela 150g President | D79: 7898955617526 | E79: 8.98
B80: 1.1.01.02 | C80: Queijo Mussarela 150g Galbani | D80: 7891097105739 | E80: 10.49
B81: 1.1.01.02 | C81: Queijo Mussarela 150g Piracanjuba | D81: 7898215150282 | E81: x
A82: Queijo Prato (150g)
B83: 1.1.01.03 | C83: Queijo Prato 150g Davaca | D83: 7897318572830 | E83: x
B84: 1.1.01.03 | C84: Queijo Prato 150g Sadia | D84: 7891515592080 | E84: x
B85: 1.1.01.03 | C85: Queijo Prato 150g Galbani | D85: 7891097105739 | E85: 10.49
B86: 1.1.01.03 | C86: Queijo Prato 150g Piracanjuba | D86: 7898215150657 | E86: 12.69
B87: 1.1.01.03 | C87: Queijo Prato 150g President | D87: 7898955617519 | E87: 10.02
A88: Manteiga (500g)
B89: 1.1.01.04 | C89: Manteiga 500g Davaca | D89: 7897318572816 | E89: 23.84
B90: 1.1.01.04 | C90: Manteiga 500g Conleite | D90: 7898129140034 | E90: x
B91: 1.1.01.04 | C91: Manteiga 500g Verona | D91: 7897717900135 | E91: x
B92: 1.1.01.04 | C92: Manteiga 500g Natville | D92: 7898387120083 | E92: 19.8
B93: 1.1.01.04 | C93: Manteiga 500g Piracanjuba | D93: 7898215151319 | E93: x
A94: Óleo 1.1.06
A95: Óleo (900 ml)
B96: 1.1.06.01 | C96: Óleo de Soja 900ml garrafa Soya | D96: 7891107101621 | E96: 7.75
B97: 1.1.06.01 | C97: Óleo de Soja 900ml garrafa Liza | D97: 7896036090244 | E97: 7.58
B98: 1.1.06.01 | C98: Óleo de Soja 900ml garrafa Sinhá | D98: 7892300030060 | E98: x
B99: 1.1.06.01 | C99: Óleo de Soja 900ml garrafa Concórdia | D99: 7898247780075 | E99: x
B100: 1.1.06.01 | C100: Óleo de Soja 900ml garrafa Primor | D100: 7891080803673 | E100: x
A101: Pão Francês 1.1.04
B102: 1.1.04.01 | C102: Pão Francês (1 kg) | D102: PÃO FRANCÊS | E102: 11.59
...

Sheet M2
A2: QUESTIONÁRIO DE COLETA DE PREÇOS
A3: DATA: | B3: =IFERROR(Calendário!H5,"") -> 46279 | C3: ESTABELECIMENTO: | D3: =Calendário!C5 -> Supermercado São Jorge
A4: SEMANA: | B4: =IFERROR(Calendário!E5,"") -> 2 | C4: PESQUISADOR: | D4: =IFERROR(IF(Calendário!I5=0,"",Calendário!I5),"") -> Mécia
A5: HORA: | C5: CRÍTICA: | D5: =IFERROR(IF(Calendário!J5=0,"",Calendário!J5),"") -> Mateus
A7: ITEM/PRODUTO | B7: CÓDIGO DO PRODUTO | C7: MARCAS DO PRODUTO | D7: CÓD. BARRAS PdH | E7: PREÇO
A8: Açúcar 1.1.05
A9: Açucar (1Kg)
B10: 1.1.05.01 | C10: Açucar Cristal Vida 1Kg | D10: 7898920795044 | E10: x
B11: 1.1.05.01 | C11: Açucar Cristal Coceal 1Kg | D11: 7898292530038 | E11: x
B12: 1.1.05.01 | C12: Açúcar Cristal Vale Bahia 1Kg | D12: 7898968872011
B13: 1.1.05.01 | C13: Açucar Cristal Dona Mira 1Kg | D13: 7898964714070
B14: 1.1.05.01 | C14: Açucar Cristal Baiano 1Kg | D14: 7898920795259
A15: Arroz 1.2.03
A16: Arroz Parboilizado (1Kg)
B17: 1.2.03.01 | C17: Arroz Parboilizado Urbano 1Kg | D17: 7896038306053
B18: 1.2.03.01 | C18: Arroz Parboilizado Tio João 1Kg | D18: 7893500018469
B19: 1.2.03.01 | C19: Arroz Parboilizado Fazenda 1Kg | D19: 7896389600107
B20: 1.2.03.01 | C20: Arroz Parboilizado Tia Maria 1Kg | D20: 609963230297
B21: 1.2.03.01 | C21: Arroz Parboilizado Camil 1Kg | D21: 7896006716112
A22: Frutas 1.3.02
B23: 1.3.02.01 | C23: Banana da Prata (1 Kg) | D23: BANANA PRATA
B24: 1.3.02.02 | C24: Maça Nacional Vermelha (1 Kg) | D24: MAÇA NACIONAL
A25: Café 1.1.03
A26: Café (250g)
B27: 1.1.03.01 | C27: Café Torrado e Moído Tradicional 250g Bahia a Vácuo | D27: 7898017920199
B28: 1.1.03.01 | C28: Café Torrado e Moído Tradicional 250g Pilão a Vácuo | D28: 7896089012637
B29: 1.1.03.01 | C29: Café Torrado e Moído Tradicional 250g 3 Corações a Vácuo | D29: 7896005800362
B30: 1.1.03.01 | C30: Café Torrado e Moído Tradicional 250g Mellita a Vácuo | D30: 7891021006071
B31: 1.1.03.01 | C31: Café Torrado e Moído Tradicional 250g Maratá a Vácuo | D31: 7898286200039
A32: Carnes, ovos e embutidos 1.2.01
B33: 1.2.01.01 | C33: Carne Acém (1 kg) | D33: CARNE ACÉM
B34: 1.2.01.02 | C34: Carne Alcatra (1 kg) | D34: CARNE ALCATRA
B35: 1.2.01.03 | C35: Charque - Dianteira ou Ponta de Agulha (1Kg) | D35: CHARQUE
B36: 1.2.01.04 | C36: Frango Inteiro Congelado (1 kg) | D36: FRANGO INTEIRO
B37: 1.2.01.06 | C37: Ovos Brancos (Unid.) | D37: OVOS BRANCOS
A38: Linguiça Calabresa (400g)
B39: 1.2.01.05 | C39: Linguiça Calabresa 400g Sadia | D39: 7891515620981
B40: 1.2.01.05 | C40: Linguiça Calabresa 400g Perdigao | D40: 7891515977511
B41: 1.2.01.05 | C41: Linguiça Calabresa 400g Seara | D41: 7894904009862
B42: 1.2.01.05 | C42: Linguiça Calabresa 400g Pamplona | D42: 7896716301271
B43: 1.2.01.05 | C43: Linguiça Calabresa 400g Aurora | D43: 7891164005832
A44: Farinhas e Massas 1.1.02
A45: Farinha de Mandioca (1Kg)
B46: 1.1.02.01 | C46: Farinha de Mandioca Branca 1Kg São João | D46: 7898357410022
B47: 1.1.02.01 | C47: Farinha de Mandioca Branca 1Kg São Miguel | D47: 7898031690030
B48: 1.1.02.01 | C48: Farinha de Mandioca Amarela 1Kg São João | D48: 7898357410015
B49: 1.1.02.01 | C49: Farinha de Mandioca Amarela 1Kg São Miguel | D49: 7898031690023
A50: Farinha de Milho (500g)
B51: 1.1.02.02 | C51: Farinha de Milho 500g Coringa | D51: 7896481130137
B52: 1.1.02.02 | C52: Farinha de Milho 500g Maratá | D52: 7898932426042
B53: 1.1.02.02 | C53: Farinha de Milho 500g Dona Clara | D53: 7896490288775
B54: 1.1.02.02 | C54: Farinha de Milho 500g Vitamilho | D54: 7898366930023
B55: 1.1.02.02 | C55: Farinha de Milho 500g Bahia | D55: 7898097320018
A56: Macarrão Espaguete (500g)
B57: 1.1.02.03 | C57: Macarrão Espaguete Ovos 500g Brandini | D57: 7896005213193
B58: 1.1.02.03 | C58: Macarrão Espaguete Ovos 500g Dona Benta | D58: 7896005286579
B59: 1.1.02.03 | C59: Macarrão Espaguete Ovos 500g Santa Amália | D59: 7896021300044
B60: 1.1.02.03 | C60: Macarrão Espaguete Ovos 500g Paulista | D60: 7896763621001
B61: 1.1.02.03 | C61: Macarrão Espaguete Ovos 500g Petybon | D61: 7897721410002
A62: Feijão Carioca 1.2.02.01
A63: Feijão Carioca (1 kg)
B64: 1.2.02.01 | C64: Feijão Carioca 1Kg Vida | D64: 7898920795051
B65: 1.2.02.01 | C65: Feijão Carioca 1Kg Kicaldo | D65: 7896116900029
B66: 1.2.02.01 | C66: Feijão Carioca 1Kg Dona Alice | D66: 7898903143015
B67: 1.2.02.01 | C67: Feijão Carioca 1Kg Padim | D67: 7898902334018
B68: 1.2.02.01 | C68: Feijão Carioca 1Kg Ki Sabor | D68: 7898930231037
A69: Leite e Derivados 1.1.01
A70: Leite Pasteurizado (1 lt)
B71: 1.1.01.01 | C71: Leite UHT Integral caixa 1L Piracanjuba | D71: 7898215151708
B72: 1.1.01.01 | C72: Leite UHT Integral caixa 1L Betania | D72: 7898403782387
B73: 1.1.01.01 | C73: Leite UHT Integral caixa 1L Damare | D73: 7898945133203
B74: 1.1.01.01 | C74: Leite Pasteurizado Integral saco tipo C 1L Vitória | D74: 7898168390018
B75: 1.1.01.01 | C75: Leite Pasteurizado Integral saco tipo C 1L Conquista | D75: 7897856400091
A76: Queijo Mussarela (150g)
B77: 1.1.01.02 | C77: Queijo Mussarela 150g Davaca | D77: 7897318572823
B78: 1.1.01.02 | C78: Queijo Mussarela 150g Sadia | D78: 7891515591939
B79: 1.1.01.02 | C79: Queijo Mussarela 150g President | D79: 7898955617526
B80: 1.1.01.02 | C80: Queijo Mussarela 150g Galbani | D80: 7891097105739
B81: 1.1.01.02 | C81: Queijo Mussarela 150g Piracanjuba | D81: 7898215150282
A82: Queijo Prato (150g)
B83: 1.1.01.03 | C83: Queijo Prato 150g Davaca | D83: 7897318572830
B84: 1.1.01.03 | C84: Queijo Prato 150g Sadia | D84: 7891515592080
B85: 1.1.01.03 | C85: Queijo Prato 150g Galbani | D85: 7891097105739
B86: 1.1.01.03 | C86: Queijo Prato 150g Piracanjuba | D86: 7898215150657
B87: 1.1.01.03 | C87: Queijo Prato 150g President | D87: 7898955617519
A88: Manteiga (500g)
B89: 1.1.01.04 | C89: Manteiga 500g Davaca | D89: 7897318572816
B90: 1.1.01.04 | C90: Manteiga 500g Conleite | D90: 7898129140034
B91: 1.1.01.04 | C91: Manteiga 500g Verona | D91: 7897717900135
B92: 1.1.01.04 | C92: Manteiga 500g Natville | D92: 7898387120083
B93: 1.1.01.04 | C93: Manteiga 500g Piracanjuba | D93: 7898215151319
A94: Óleo 1.1.06
A95: Óleo (900 ml)
B96: 1.1.06.01 | C96: Óleo de Soja 900ml garrafa Soya | D96: 7891107101621
B97: 1.1.06.01 | C97: Óleo de Soja 900ml garrafa Liza | D97: 7896036090244
B98: 1.1.06.01 | C98: Óleo de Soja 900ml garrafa Sinhá | D98: 7892300030060
B99: 1.1.06.01 | C99: Óleo de Soja 900ml garrafa Concórdia | D99: 7898247780075
B100: 1.1.06.01 | C100: Óleo de Soja 900ml garrafa Primor | D100: 7891080803673
A101: Pão Francês 1.1.04
B102: 1.1.04.01 | C102: Pão Francês (1 kg) | D102: PÃO FRANCÊS
...

Sheet M3
A2: QUESTIONÁRIO DE COLETA DE PREÇOS
A3: DATA: | B3: =IFERROR(Calendário!H6,"") -> 46273 | C3: ESTABELECIMENTO: | D3: =Calendário!C6 -> Economart
A4: SEMANA: | B4: =IFERROR(Calendário!E6,"") -> 1 | C4: PESQUISADOR: | D4: =IFERROR(IF(Calendário!I6=0,"",Calendário!I6),"") -> Darci
A5: HORA: | B5: 0.42777778 | C5: CRÍTICA: | D5: =IFERROR(IF(Calendário!J6=0,"",Calendário!J6),"") -> Carlos Eduardo
A7: ITEM/PRODUTO | B7: CÓDIGO DO PRODUTO | C7: MARCAS DO PRODUTO | D7: CÓD. BARRAS PdH | E7: PREÇO
A8: Açúcar 1.1.05
A9: Açucar (1Kg)
B10: 1.1.05.01 | C10: Açucar Cristal Vida 1Kg | D10: 7898920795044 | E10: 3.29
B11: 1.1.05.01 | C11: Açucar Cristal Coceal 1Kg | D11: 7898292530038 | E11: x
B12: 1.1.05.01 | C12: Açúcar Cristal Vale Bahia 1Kg | D12: 7898968872011 | E12: x
B13: 1.1.05.01 | C13: Açucar Cristal Dona Mira 1Kg | D13: 7898964714070 | E13: x
B14: 1.1.05.01 | C14: Açucar Cristal Baiano 1Kg | D14: 7898920795259 | E14: 3.19
A15: Arroz 1.2.03
A16: Arroz Parboilizado (1Kg)
B17: 1.2.03.01 | C17: Arroz Parboilizado Urbano 1Kg | D17: 7896038306053 | E17: 4.18
B18: 1.2.03.01 | C18: Arroz Parboilizado Tio João 1Kg | D18: 7893500018469 | E18: 5.19
B19: 1.2.03.01 | C19: Arroz Parboilizado Fazenda 1Kg | D19: 7896389600107 | E19: x
B20: 1.2.03.01 | C20: Arroz Parboilizado Tia Maria 1Kg | D20: 609963230297 | E20: x
B21: 1.2.03.01 | C21: Arroz Parboilizado Camil 1Kg | D21: 7896006716112 | E21: 5.29
A22: Frutas 1.3.02
B23: 1.3.02.01 | C23: Banana da Prata (1 Kg) | D23: BANANA PRATA | E23: 3.99
B24: 1.3.02.02 | C24: Maça Nacional Vermelha (1 Kg) | D24: MAÇA NACIONAL | E24: x
A25: Café 1.1.03
A26: Café (250g)
B27: 1.1.03.01 | C27: Café Torrado e Moído Tradicional 250g Bahia a Vácuo | D27: 7898017920199 | E27: 11.49
B28: 1.1.03.01 | C28: Café Torrado e Moído Tradicional 250g Pilão a Vácuo | D28: 7896089012637 | E28: 15.49
B29: 1.1.03.01 | C29: Café Torrado e Moído Tradicional 250g 3 Corações a Vácuo | D29: 7896005800362 | E29: 14.99
B30: 1.1.03.01 | C30: Café Torrado e Moído Tradicional 250g Mellita a Vácuo | D30: 7891021006071 | E30: 11.99
B31: 1.1.03.01 | C31: Café Torrado e Moído Tradicional 250g Maratá a Vácuo | D31: 7898286200039 | E31: 15.29
A32: Carnes, ovos e embutidos 1.2.01
B33: 1.2.01.01 | C33: Carne Acém (1 kg) | D33: CARNE ACÉM | E33: x
B34: 1.2.01.02 | C34: Carne Alcatra (1 kg) | D34: CARNE ALCATRA | E34: x
B35: 1.2.01.03 | C35: Charque - Dianteira ou Ponta de Agulha (1Kg) | D35: CHARQUE | E35: 39.9
B36: 1.2.01.04 | C36: Frango Inteiro Congelado (1 kg) | D36: FRANGO INTEIRO | E36: x
B37: 1.2.01.06 | C37: Ovos Brancos (Unid.) | D37: OVOS BRANCOS | E37: x
A38: Linguiça Calabresa (400g)
B39: 1.2.01.05 | C39: Linguiça Calabresa 400g Sadia | D39: 7891515620981 | E39: 15.49
B40: 1.2.01.05 | C40: Linguiça Calabresa 400g Perdigao | D40: 7891515977511 | E40: 16.98
B41: 1.2.01.05 | C41: Linguiça Calabresa 400g Seara | D41: 7894904009862 | E41: 17.98
B42: 1.2.01.05 | C42: Linguiça Calabresa 400g Pamplona | D42: 7896716301271 | E42: x
B43: 1.2.01.05 | C43: Linguiça Calabresa 400g Aurora | D43: 7891164005832 | E43: x
A44: Farinhas e Massas 1.1.02
A45: Farinha de Mandioca (1Kg)
B46: 1.1.02.01 | C46: Farinha de Mandioca Branca 1Kg São João | D46: 7898357410022 | E46: x
B47: 1.1.02.01 | C47: Farinha de Mandioca Branca 1Kg São Miguel | D47: 7898031690030 | E47: 5.99
B48: 1.1.02.01 | C48: Farinha de Mandioca Amarela 1Kg São João | D48: 7898357410015 | E48: x
B49: 1.1.02.01 | C49: Farinha de Mandioca Amarela 1Kg São Miguel | D49: 7898031690023 | E49: 5.99
A50: Farinha de Milho (500g)
B51: 1.1.02.02 | C51: Farinha de Milho 500g Coringa | D51: 7896481130137 | E51: 2.39
B52: 1.1.02.02 | C52: Farinha de Milho 500g Maratá | D52: 7898932426042 | E52: 1.69
B53: 1.1.02.02 | C53: Farinha de Milho 500g Dona Clara | D53: 7896490288775 | E53: 1.39
B54: 1.1.02.02 | C54: Farinha de Milho 500g Vitamilho | D54: 7898366930023 | E54: x
B55: 1.1.02.02 | C55: Farinha de Milho 500g Bahia | D55: 7898097320018 | E55: x
A56: Macarrão Espaguete (500g)
B57: 1.1.02.03 | C57: Macarrão Espaguete Ovos 500g Brandini | D57: 7896005213193 | E57: 4.19
B58: 1.1.02.03 | C58: Macarrão Espaguete Ovos 500g Dona Benta | D58: 7896005286579 | E58: 4.39
B59: 1.1.02.03 | C59: Macarrão Espaguete Ovos 500g Santa Amália | D59: 7896021300044 | E59: x
B60: 1.1.02.03 | C60: Macarrão Espaguete Ovos 500g Paulista | D60: 7896763621001 | E60: x
B61: 1.1.02.03 | C61: Macarrão Espaguete Ovos 500g Petybon | D61: 7897721410002 | E61: 4.69
A62: Feijão Carioca 1.2.02.01
A63: Feijão Carioca (1 kg)
B64: 1.2.02.01 | C64: Feijão Carioca 1Kg Vida | D64: 7898920795051 | E64: 8.79
B65: 1.2.02.01 | C65: Feijão Carioca 1Kg Kicaldo | D65: 7896116900029 | E65: 8.78
B66: 1.2.02.01 | C66: Feijão Carioca 1Kg Dona Alice | D66: 7898903143015 | E66: x
B67: 1.2.02.01 | C67: Feijão Carioca 1Kg Padim | D67: 7898902334018 | E67: x
B68: 1.2.02.01 | C68: Feijão Carioca 1Kg Ki Sabor | D68: 7898930231037 | E68: x
A69: Leite e Derivados 1.1.01
A70: Leite Pasteurizado (1 lt)
B71: 1.1.01.01 | C71: Leite UHT Integral caixa 1L Piracanjuba | D71: 7898215151708 | E71: 8.49
B72: 1.1.01.01 | C72: Leite UHT Integral caixa 1L Betania | D72: 7898403782387 | E72: 6.59
B73: 1.1.01.01 | C73: Leite UHT Integral caixa 1L Damare | D73: 7898945133203 | E73: 6.49
B74: 1.1.01.01 | C74: Leite Pasteurizado Integral saco tipo C 1L Vitória | D74: 7898168390018 | E74: x
B75: 1.1.01.01 | C75: Leite Pasteurizado Integral saco tipo C 1L Conquista | D75: 7897856400091 | E75: 6.49
A76: Queijo Mussarela (150g)
B77: 1.1.01.02 | C77: Queijo Mussarela 150g Davaca | D77: 7897318572823 | E77: x
B78: 1.1.01.02 | C78: Queijo Mussarela 150g Sadia | D78: 7891515591939 | E78: 11.9
B79: 1.1.01.02 | C79: Queijo Mussarela 150g President | D79: 7898955617526 | E79: 11.9
B80: 1.1.01.02 | C80: Queijo Mussarela 150g Galbani | D80: 7891097105739 | E80: 12.9
B81: 1.1.01.02 | C81: Queijo Mussarela 150g Piracanjuba | D81: 7898215150282 | E81: 11.9
A82: Queijo Prato (150g)
B83: 1.1.01.03 | C83: Queijo Prato 150g Davaca | D83: 7897318572830 | E83: 10.9
B84: 1.1.01.03 | C84: Queijo Prato 150g Sadia | D84: 7891515592080 | E84: 10.9
B85: 1.1.01.03 | C85: Queijo Prato 150g Galbani | D85: 7891097105739 | E85: 12.9
B86: 1.1.01.03 | C86: Queijo Prato 150g Piracanjuba | D86: 7898215150657 | E86: 11.9
B87: 1.1.01.03 | C87: Queijo Prato 150g President | D87: 7898955617519 | E87: 11.9
A88: Manteiga (500g)
B89: 1.1.01.04 | C89: Manteiga 500g Davaca | D89: 7897318572816 | E89: 25.9
B90: 1.1.01.04 | C90: Manteiga 500g Conleite | D90: 7898129140034 | E90: x
B91: 1.1.01.04 | C91: Manteiga 500g Verona | D91: 7897717900135 | E91: x
B92: 1.1.01.04 | C92: Manteiga 500g Natville | D92: 7898387120083 | E92: 23.9
B93: 1.1.01.04 | C93: Manteiga 500g Piracanjuba | D93: 7898215151319 | E93: 22.98
A94: Óleo 1.1.06
A95: Óleo (900 ml)
B96: 1.1.06.01 | C96: Óleo de Soja 900ml garrafa Soya | D96: 7891107101621 | E96: x
B97: 1.1.06.01 | C97: Óleo de Soja 900ml garrafa Liza | D97: 7896036090244 | E97: x
B98: 1.1.06.01 | C98: Óleo de Soja 900ml garrafa Sinhá | D98: 7892300030060 | E98: x
B99: 1.1.06.01 | C99: Óleo de Soja 900ml garrafa Concórdia | D99: 7898247780075 | E99: x
B100: 1.1.06.01 | C100: Óleo de Soja 900ml garrafa Primor | D100: 7891080803673 | E100: x
A101: Pão Francês 1.1.04
B102: 1.1.04.01 | C102: Pão Francês (1 kg) | D102: PÃO FRANCÊS | E102: 11.9
...

Sheet M4
A2: QUESTIONÁRIO DE COLETA DE PREÇOS
A3: DATA: | B3: =IFERROR(Calendário!H7,"") -> 46273 | C3: ESTABELECIMENTO: | D3: =Calendário!C7 -> Mercadinho Deus Dará
A4: SEMANA: | B4: =IFERROR(Calendário!E7,"") -> 1 | C4: PESQUISADOR: | D4: =IFERROR(IF(Calendário!I7=0,"",Calendário!I7),"") -> Darci
A5: HORA: | B5: 0.42916667 | C5: CRÍTICA: | D5: =IFERROR(IF(Calendário!J7=0,"",Calendário!J7),"") -> Carlos Eduardo
A7: ITEM/PRODUTO | B7: CÓDIGO DO PRODUTO | C7: MARCAS DO PRODUTO | D7: CÓD. BARRAS PdH | E7: PREÇO
A8: Açúcar 1.1.05
A9: Açucar (1Kg)
B10: 1.1.05.01 | C10: Açucar Cristal Vida 1Kg | D10: 7898920795044 | E10: 3.39
B11: 1.1.05.01 | C11: Açucar Cristal Coceal 1Kg | D11: 7898292530038 | E11: x
B12: 1.1.05.01 | C12: Açúcar Cristal Vale Bahia 1Kg | D12: 7898968872011 | E12: x
B13: 1.1.05.01 | C13: Açucar Cristal Dona Mira 1Kg | D13: 7898964714070 | E13: x
B14: 1.1.05.01 | C14: Açucar Cristal Baiano 1Kg | D14: 7898920795259 | E14: x
A15: Arroz 1.2.03
A16: Arroz Parboilizado (1Kg)
B17: 1.2.03.01 | C17: Arroz Parboilizado Urbano 1Kg | D17: 7896038306053 | E17: x
B18: 1.2.03.01 | C18: Arroz Parboilizado Tio João 1Kg | D18: 7893500018469 | E18: x
B19: 1.2.03.01 | C19: Arroz Parboilizado Fazenda 1Kg | D19: 7896389600107 | E19: x
B20: 1.2.03.01 | C20: Arroz Parboilizado Tia Maria 1Kg | D20: 609963230297 | E20: x
B21: 1.2.03.01 | C21: Arroz Parboilizado Camil 1Kg | D21: 7896006716112 | E21: x
A22: Frutas 1.3.02
B23: 1.3.02.01 | C23: Banana da Prata (1 Kg) | D23: BANANA PRATA | E23: x
B24: 1.3.02.02 | C24: Maça Nacional Vermelha (1 Kg) | D24: MAÇA NACIONAL | E24: x
A25: Café 1.1.03
A26: Café (250g)
B27: 1.1.03.01 | C27: Café Torrado e Moído Tradicional 250g Bahia a Vácuo | D27: 7898017920199 | E27: x
B28: 1.1.03.01 | C28: Café Torrado e Moído Tradicional 250g Pilão a Vácuo | D28: 7896089012637 | E28: x
B29: 1.1.03.01 | C29: Café Torrado e Moído Tradicional 250g 3 Corações a Vácuo | D29: 7896005800362 | E29: x
B30: 1.1.03.01 | C30: Café Torrado e Moído Tradicional 250g Mellita a Vácuo | D30: 7891021006071 | E30: x
B31: 1.1.03.01 | C31: Café Torrado e Moído Tradicional 250g Maratá a Vácuo | D31: 7898286200039 | E31: x
A32: Carnes, ovos e embutidos 1.2.01
B33: 1.2.01.01 | C33: Carne Acém (1 kg) | D33: CARNE ACÉM | E33: x
B34: 1.2.01.02 | C34: Carne Alcatra (1 kg) | D34: CARNE ALCATRA | E34: x
B35: 1.2.01.03 | C35: Charque - Dianteira ou Ponta de Agulha (1Kg) | D35: CHARQUE | E35: 67.99
B36: 1.2.01.04 | C36: Frango Inteiro Congelado (1 kg) | D36: FRANGO INTEIRO | E36: x
B37: 1.2.01.06 | C37: Ovos Brancos (Unid.) | D37: OVOS BRANCOS | E37: x
A38: Linguiça Calabresa (400g)
B39: 1.2.01.05 | C39: Linguiça Calabresa 400g Sadia | D39: 7891515620981 | E39: x
B40: 1.2.01.05 | C40: Linguiça Calabresa 400g Perdigao | D40: 7891515977511 | E40: x
B41: 1.2.01.05 | C41: Linguiça Calabresa 400g Seara | D41: 7894904009862 | E41: x
B42: 1.2.01.05 | C42: Linguiça Calabresa 400g Pamplona | D42: 7896716301271 | E42: x
B43: 1.2.01.05 | C43: Linguiça Calabresa 400g Aurora | D43: 7891164005832 | E43: x
A44: Farinhas e Massas 1.1.02
A45: Farinha de Mandioca (1Kg)
B46: 1.1.02.01 | C46: Farinha de Mandioca Branca 1Kg São João | D46: 7898357410022 | E46: x
B47: 1.1.02.01 | C47: Farinha de Mandioca Branca 1Kg São Miguel | D47: 7898031690030 | E47: x
B48: 1.1.02.01 | C48: Farinha de Mandioca Amarela 1Kg São João | D48: 7898357410015 | E48: x
B49: 1.1.02.01 | C49: Farinha de Mandioca Amarela 1Kg São Miguel | D49: 7898031690023 | E49: 9.99
A50: Farinha de Milho (500g)
B51: 1.1.02.02 | C51: Farinha de Milho 500g Coringa | D51: 7896481130137 | E51: x
B52: 1.1.02.02 | C52: Farinha de Milho 500g Maratá | D52: 7898932426042 | E52: x
B53: 1.1.02.02 | C53: Farinha de Milho 500g Dona Clara | D53: 7896490288775 | E53: x
B54: 1.1.02.02 | C54: Farinha de Milho 500g Vitamilho | D54: 7898366930023 | E54: x
B55: 1.1.02.02 | C55: Farinha de Milho 500g Bahia | D55: 7898097320018 | E55: x
A56: Macarrão Espaguete (500g)
B57: 1.1.02.03 | C57: Macarrão Espaguete Ovos 500g Brandini | D57: 7896005213193 | E57: x
B58: 1.1.02.03 | C58: Macarrão Espaguete Ovos 500g Dona Benta | D58: 7896005286579 | E58: x
B59: 1.1.02.03 | C59: Macarrão Espaguete Ovos 500g Santa Amália | D59: 7896021300044 | E59: x
B60: 1.1.02.03 | C60: Macarrão Espaguete Ovos 500g Paulista | D60: 7896763621001 | E60: x
B61: 1.1.02.03 | C61: Macarrão Espaguete Ovos 500g Petybon | D61: 7897721410002 | E61: x
A62: Feijão Carioca 1.2.02.01
A63: Feijão Carioca (1 kg)
B64: 1.2.02.01 | C64: Feijão Carioca 1Kg Vida | D64: 7898920795051 | E64: x
B65: 1.2.02.01 | C65: Feijão Carioca 1Kg Kicaldo | D65: 7896116900029 | E65: x
B66: 1.2.02.01 | C66: Feijão Carioca 1Kg Dona Alice | D66: 7898903143015 | E66: x
B67: 1.2.02.01 | C67: Feijão Carioca 1Kg Padim | D67: 7898902334018 | E67: x
B68: 1.2.02.01 | C68: Feijão Carioca 1Kg Ki Sabor | D68: 7898930231037 | E68: x
A69: Leite e Derivados 1.1.01
A70: Leite Pasteurizado (1 lt)
B71: 1.1.01.01 | C71: Leite UHT Integral caixa 1L Piracanjuba | D71: 7898215151708 | E71: x
B72: 1.1.01.01 | C72: Leite UHT Integral caixa 1L Betania | D72: 7898403782387 | E72: x
B73: 1.1.01.01 | C73: Leite UHT Integral caixa 1L Damare | D73: 7898945133203 | E73: x
B74: 1.1.01.01 | C74: Leite Pasteurizado Integral saco tipo C 1L Vitória | D74: 7898168390018 | E74: x
B75: 1.1.01.01 | C75: Leite Pasteurizado Integral saco tipo C 1L Conquista | D75: 7897856400091 | E75: x
A76: Queijo Mussarela (150g)
B77: 1.1.01.02 | C77: Queijo Mussarela 150g Davaca | D77: 7897318572823 | E77: x
B78: 1.1.01.02 | C78: Queijo Mussarela 150g Sadia | D78: 7891515591939 | E78: x
B79: 1.1.01.02 | C79: Queijo Mussarela 150g President | D79: 7898955617526 | E79: x
B80: 1.1.01.02 | C80: Queijo Mussarela 150g Galbani | D80: 7891097105739 | E80: x
B81: 1.1.01.02 | C81: Queijo Mussarela 150g Piracanjuba | D81: 7898215150282 | E81: x
A82: Queijo Prato (150g)
B83: 1.1.01.03 | C83: Queijo Prato 150g Davaca | D83: 7897318572830 | E83: x
B84: 1.1.01.03 | C84: Queijo Prato 150g Sadia | D84: 7891515592080 | E84: x
B85: 1.1.01.03 | C85: Queijo Prato 150g Galbani | D85: 7891097105739 | E85: x
B86: 1.1.01.03 | C86: Queijo Prato 150g Piracanjuba | D86: 7898215150657 | E86: x
B87: 1.1.01.03 | C87: Queijo Prato 150g President | D87: 7898955617519 | E87: x
A88: Manteiga (500g)
B89: 1.1.01.04 | C89: Manteiga 500g Davaca | D89: 7897318572816 | E89: x
B90: 1.1.01.04 | C90: Manteiga 500g Conleite | D90: 7898129140034 | E90: x
B91: 1.1.01.04 | C91: Manteiga 500g Verona | D91: 7897717900135 | E91: x
B92: 1.1.01.04 | C92: Manteiga 500g Natville | D92: 7898387120083 | E92: x
B93: 1.1.01.04 | C93: Manteiga 500g Piracanjuba | D93: 7898215151319 | E93: x
A94: Óleo 1.1.06
A95: Óleo (900 ml)
B96: 1.1.06.01 | C96: Óleo de Soja 900ml garrafa Soya | D96: 7891107101621 | E96: x
B97: 1.1.06.01 | C97: Óleo de Soja 900ml garrafa Liza | D97: 7896036090244 | E97: x
B98: 1.1.06.01 | C98: Óleo de Soja 900ml garrafa Sinhá | D98: 7892300030060 | E98: x
B99: 1.1.06.01 | C99: Óleo de Soja 900ml garrafa Concórdia | D99: 7898247780075 | E99: x
B100: 1.1.06.01 | C100: Óleo de Soja 900ml garrafa Primor | D100: 7891080803673 | E100: x
A101: Pão Francês 1.1.04
B102: 1.1.04.01 | C102: Pão Francês (1 kg) | D102: PÃO FRANCÊS | E102: x
...

Sheet M5
A2: QUESTIONÁRIO DE COLETA DE PREÇOS
A3: DATA: | B3: =IFERROR(Calendário!H8,"") -> 46274 | C3: ESTABELECIMENTO: | D3: =Calendário!C8 -> Mix Mateus
A4: SEMANA: | B4: =IFERROR(Calendário!E8,"") -> 1 | C4: PESQUISADOR: | D4: =IFERROR(IF(Calendário!I8=0,"",Calendário!I8),"") -> Carlos Eduardo
A5: HORA: | C5: CRÍTICA: | D5: =IFERROR(IF(Calendário!J8=0,"",Calendário!J8),"") -> Igor
A7: ITEM/PRODUTO | B7: CÓDIGO DO PRODUTO | C7: MARCAS DO PRODUTO | D7: CÓD. BARRAS PdH | E7: PREÇO
A8: Açúcar 1.1.05
A9: Açucar (1Kg)
B10: 1.1.05.01 | C10: Açucar Cristal Vida 1Kg | D10: 7898920795044 | E10: 2.99
B11: 1.1.05.01 | C11: Açucar Cristal Coceal 1Kg | D11: 7898292530038 | E11: x
B12: 1.1.05.01 | C12: Açúcar Cristal Vale Bahia 1Kg | D12: 7898968872011 | E12: x
B13: 1.1.05.01 | C13: Açucar Cristal Dona Mira 1Kg | D13: 7898964714070 | E13: 2.98
B14: 1.1.05.01 | C14: Açucar Cristal Baiano 1Kg | D14: 7898920795259 | E14: 2.95
A15: Arroz 1.2.03
A16: Arroz Parboilizado (1Kg)
B17: 1.2.03.01 | C17: Arroz Parboilizado Urbano 1Kg | D17: 7896038306053 | E17: 4.48
B18: 1.2.03.01 | C18: Arroz Parboilizado Tio João 1Kg | D18: 7893500018469 | E18: 4.88
B19: 1.2.03.01 | C19: Arroz Parboilizado Fazenda 1Kg | D19: 7896389600107 | E19: 3.98
B20: 1.2.03.01 | C20: Arroz Parboilizado Tia Maria 1Kg | D20: 609963230297 | E20: x
B21: 1.2.03.01 | C21: Arroz Parboilizado Camil 1Kg | D21: 7896006716112 | E21: 4.19
A22: Frutas 1.3.02
B23: 1.3.02.01 | C23: Banana da Prata (1 Kg) | D23: BANANA PRATA | E23: 6.79
B24: 1.3.02.02 | C24: Maça Nacional Vermelha (1 Kg) | D24: MAÇA NACIONAL | E24: x
A25: Café 1.1.03
A26: Café (250g)
B27: 1.1.03.01 | C27: Café Torrado e Moído Tradicional 250g Bahia a Vácuo | D27: 7898017920199 | E27: x
B28: 1.1.03.01 | C28: Café Torrado e Moído Tradicional 250g Pilão a Vácuo | D28: 7896089012637 | E28: 12.89
B29: 1.1.03.01 | C29: Café Torrado e Moído Tradicional 250g 3 Corações a Vácuo | D29: 7896005800362 | E29: 13.15
B30: 1.1.03.01 | C30: Café Torrado e Moído Tradicional 250g Mellita a Vácuo | D30: 7891021006071 | E30: 12.99
B31: 1.1.03.01 | C31: Café Torrado e Moído Tradicional 250g Maratá a Vácuo | D31: 7898286200039 | E31: 12.49
A32: Carnes, ovos e embutidos 1.2.01
B33: 1.2.01.01 | C33: Carne Acém (1 kg) | D33: CARNE ACÉM | E33: 33.9
B34: 1.2.01.02 | C34: Carne Alcatra (1 kg) | D34: CARNE ALCATRA | E34: x
B35: 1.2.01.03 | C35: Charque - Dianteira ou Ponta de Agulha (1Kg) | D35: CHARQUE | E35: x
B36: 1.2.01.04 | C36: Frango Inteiro Congelado (1 kg) | D36: FRANGO INTEIRO | E36: 7.45
B37: 1.2.01.06 | C37: Ovos Brancos (Unid.) | D37: OVOS BRANCOS | E37: x
A38: Linguiça Calabresa (400g)
B39: 1.2.01.05 | C39: Linguiça Calabresa 400g Sadia | D39: 7891515620981 | E39: x
B40: 1.2.01.05 | C40: Linguiça Calabresa 400g Perdigao | D40: 7891515977511 | E40: x
B41: 1.2.01.05 | C41: Linguiça Calabresa 400g Seara | D41: 7894904009862 | E41: 14.98
B42: 1.2.01.05 | C42: Linguiça Calabresa 400g Pamplona | D42: 7896716301271 | E42: x
B43: 1.2.01.05 | C43: Linguiça Calabresa 400g Aurora | D43: 7891164005832 | E43: 18.75
A44: Farinhas e Massas 1.1.02
A45: Farinha de Mandioca (1Kg)
B46: 1.1.02.01 | C46: Farinha de Mandioca Branca 1Kg São João | D46: 7898357410022 | E46: x
B47: 1.1.02.01 | C47: Farinha de Mandioca Branca 1Kg São Miguel | D47: 7898031690030 | E47: x
B48: 1.1.02.01 | C48: Farinha de Mandioca Amarela 1Kg São João | D48: 7898357410015 | E48: x
B49: 1.1.02.01 | C49: Farinha de Mandioca Amarela 1Kg São Miguel | D49: 7898031690023 | E49: x
A50: Farinha de Milho (500g)
B51: 1.1.02.02 | C51: Farinha de Milho 500g Coringa | D51: 7896481130137 | E51: 1.99
B52: 1.1.02.02 | C52: Farinha de Milho 500g Maratá | D52: 7898932426042 | E52: 1.59
B53: 1.1.02.02 | C53: Farinha de Milho 500g Dona Clara | D53: 7896490288775 | E53: 1.55
B54: 1.1.02.02 | C54: Farinha de Milho 500g Vitamilho | D54: 7898366930023 | E54: 1.65
B55: 1.1.02.02 | C55: Farinha de Milho 500g Bahia | D55: 7898097320018 | E55: x
A56: Macarrão Espaguete (500g)
B57: 1.1.02.03 | C57: Macarrão Espaguete Ovos 500g Brandini | D57: 7896005213193 | E57: 3.69
B58: 1.1.02.03 | C58: Macarrão Espaguete Ovos 500g Dona Benta | D58: 7896005286579 | E58: 3.89
B59: 1.1.02.03 | C59: Macarrão Espaguete Ovos 500g Santa Amália | D59: 7896021300044 | E59: x
B60: 1.1.02.03 | C60: Macarrão Espaguete Ovos 500g Paulista | D60: 7896763621001 | E60: x
B61: 1.1.02.03 | C61: Macarrão Espaguete Ovos 500g Petybon | D61: 7897721410002 | E61: 5.15
A62: Feijão Carioca 1.2.02.01
A63: Feijão Carioca (1 kg)
B64: 1.2.02.01 | C64: Feijão Carioca 1Kg Vida | D64: 7898920795051 | E64: 8.09
B65: 1.2.02.01 | C65: Feijão Carioca 1Kg Kicaldo | D65: 7896116900029 | E65: 8.79
B66: 1.2.02.01 | C66: Feijão Carioca 1Kg Dona Alice | D66: 7898903143015 | E66: x
B67: 1.2.02.01 | C67: Feijão Carioca 1Kg Padim | D67: 7898902334018 | E67: x
B68: 1.2.02.01 | C68: Feijão Carioca 1Kg Ki Sabor | D68: 7898930231037 | E68: x
A69: Leite e Derivados 1.1.01
A70: Leite Pasteurizado (1 lt)
B71: 1.1.01.01 | C71: Leite UHT Integral caixa 1L Piracanjuba | D71: 7898215151708 | E71: 7.79
B72: 1.1.01.01 | C72: Leite UHT Integral caixa 1L Betania | D72: 7898403782387 | E72: x
B73: 1.1.01.01 | C73: Leite UHT Integral caixa 1L Damare | D73: 7898945133203 | E73: 6.15
B74: 1.1.01.01 | C74: Leite Pasteurizado Integral saco tipo C 1L Vitória | D74: 7898168390018 | E74: x
B75: 1.1.01.01 | C75: Leite Pasteurizado Integral saco tipo C 1L Conquista | D75: 7897856400091 | E75: x
A76: Queijo Mussarela (150g)
B77: 1.1.01.02 | C77: Queijo Mussarela 150g Davaca | D77: 7897318572823 | E77: 8.99
B78: 1.1.01.02 | C78: Queijo Mussarela 150g Sadia | D78: 7891515591939 | E78: x
B79: 1.1.01.02 | C79: Queijo Mussarela 150g President | D79: 7898955617526 | E79: x
B80: 1.1.01.02 | C80: Queijo Mussarela 150g Galbani | D80: 7891097105739 | E80: 9.99
B81: 1.1.01.02 | C81: Queijo Mussarela 150g Piracanjuba | D81: 7898215150282 | E81: 7.99
A82: Queijo Prato (150g)
B83: 1.1.01.03 | C83: Queijo Prato 150g Davaca | D83: 7897318572830 | E83: x
B84: 1.1.01.03 | C84: Queijo Prato 150g Sadia | D84: 7891515592080 | E84: x
B85: 1.1.01.03 | C85: Queijo Prato 150g Galbani | D85: 7891097105739 | E85: 9.99
B86: 1.1.01.03 | C86: Queijo Prato 150g Piracanjuba | D86: 7898215150657 | E86: x
B87: 1.1.01.03 | C87: Queijo Prato 150g President | D87: 7898955617519 | E87: x
A88: Manteiga (500g)
B89: 1.1.01.04 | C89: Manteiga 500g Davaca | D89: 7897318572816 | E89: 24.9
B90: 1.1.01.04 | C90: Manteiga 500g Conleite | D90: 7898129140034 | E90: x
B91: 1.1.01.04 | C91: Manteiga 500g Verona | D91: 7897717900135 | E91: x
B92: 1.1.01.04 | C92: Manteiga 500g Natville | D92: 7898387120083 | E92: 22.9
B93: 1.1.01.04 | C93: Manteiga 500g Piracanjuba | D93: 7898215151319 | E93: 24.19
A94: Óleo 1.1.06
A95: Óleo (900 ml)
B96: 1.1.06.01 | C96: Óleo de Soja 900ml garrafa Soya | D96: 7891107101621 | E96: 7.99
B97: 1.1.06.01 | C97: Óleo de Soja 900ml garrafa Liza | D97: 7896036090244 | E97: 7.69
B98: 1.1.06.01 | C98: Óleo de Soja 900ml garrafa Sinhá | D98: 7892300030060 | E98: x
B99: 1.1.06.01 | C99: Óleo de Soja 900ml garrafa Concórdia | D99: 7898247780075 | E99: x
B100: 1.1.06.01 | C100: Óleo de Soja 900ml garrafa Primor | D100: 7891080803673 | E100: x
A101: Pão Francês 1.1.04
B102: 1.1.04.01 | C102: Pão Francês (1 kg) | D102: PÃO FRANCÊS | E102: 8.9
...

Sheet M6
A2: QUESTIONÁRIO DE COLETA DE PREÇOS
A3: DATA: | B3: =IFERROR(Calendário!H9,"") -> 46274 | C3: ESTABELECIMENTO: | D3: =Calendário!C9 -> Mercado Eliene
A4: SEMANA: | B4: =IFERROR(Calendário!E9,"") -> 1 | C4: PESQUISADOR: | D4: =IFERROR(IF(Calendário!I9=0,"",Calendário!I9),"") -> Carlos Eduardo
A5: HORA: | C5: CRÍTICA: | D5: =IFERROR(IF(Calendário!J9=0,"",Calendário!J9),"") -> Igor
A7: ITEM/PRODUTO | B7: CÓDIGO DO PRODUTO | C7: MARCAS DO PRODUTO | D7: CÓD. BARRAS PdH | E7: PREÇO
A8: Açúcar 1.1.05
A9: Açucar (1Kg)
B10: 1.1.05.01 | C10: Açucar Cristal Vida 1Kg | D10: 7898920795044 | E10: x
B11: 1.1.05.01 | C11: Açucar Cristal Coceal 1Kg | D11: 7898292530038 | E11: 3.99
B12: 1.1.05.01 | C12: Açúcar Cristal Vale Bahia 1Kg | D12: 7898968872011 | E12: x
B13: 1.1.05.01 | C13: Açucar Cristal Dona Mira 1Kg | D13: 7898964714070 | E13: x
B14: 1.1.05.01 | C14: Açucar Cristal Baiano 1Kg | D14: 7898920795259 | E14: x
A15: Arroz 1.2.03
A16: Arroz Parboilizado (1Kg)
B17: 1.2.03.01 | C17: Arroz Parboilizado Urbano 1Kg | D17: 7896038306053 | E17: x
B18: 1.2.03.01 | C18: Arroz Parboilizado Tio João 1Kg | D18: 7893500018469 | E18: x
B19: 1.2.03.01 | C19: Arroz Parboilizado Fazenda 1Kg | D19: 7896389600107 | E19: x
B20: 1.2.03.01 | C20: Arroz Parboilizado Tia Maria 1Kg | D20: 609963230297 | E20: x
B21: 1.2.03.01 | C21: Arroz Parboilizado Camil 1Kg | D21: 7896006716112 | E21: x
A22: Frutas 1.3.02
B23: 1.3.02.01 | C23: Banana da Prata (1 Kg) | D23: BANANA PRATA | E23: x
B24: 1.3.02.02 | C24: Maça Nacional Vermelha (1 Kg) | D24: MAÇA NACIONAL | E24: x
A25: Café 1.1.03
A26: Café (250g)
B27: 1.1.03.01 | C27: Café Torrado e Moído Tradicional 250g Bahia a Vácuo | D27: 7898017920199 | E27: x
B28: 1.1.03.01 | C28: Café Torrado e Moído Tradicional 250g Pilão a Vácuo | D28: 7896089012637 | E28: x
B29: 1.1.03.01 | C29: Café Torrado e Moído Tradicional 250g 3 Corações a Vácuo | D29: 7896005800362 | E29: x
B30: 1.1.03.01 | C30: Café Torrado e Moído Tradicional 250g Mellita a Vácuo | D30: 7891021006071 | E30: x
B31: 1.1.03.01 | C31: Café Torrado e Moído Tradicional 250g Maratá a Vácuo | D31: 7898286200039 | E31: x
A32: Carnes, ovos e embutidos 1.2.01
B33: 1.2.01.01 | C33: Carne Acém (1 kg) | D33: CARNE ACÉM | E33: x
B34: 1.2.01.02 | C34: Carne Alcatra (1 kg) | D34: CARNE ALCATRA | E34: x
B35: 1.2.01.03 | C35: Charque - Dianteira ou Ponta de Agulha (1Kg) | D35: CHARQUE | E35: x
B36: 1.2.01.04 | C36: Frango Inteiro Congelado (1 kg) | D36: FRANGO INTEIRO | E36: x
B37: 1.2.01.06 | C37: Ovos Brancos (Unid.) | D37: OVOS BRANCOS | E37: x
A38: Linguiça Calabresa (400g)
B39: 1.2.01.05 | C39: Linguiça Calabresa 400g Sadia | D39: 7891515620981 | E39: x
B40: 1.2.01.05 | C40: Linguiça Calabresa 400g Perdigao | D40: 7891515977511 | E40: x
B41: 1.2.01.05 | C41: Linguiça Calabresa 400g Seara | D41: 7894904009862 | E41: x
B42: 1.2.01.05 | C42: Linguiça Calabresa 400g Pamplona | D42: 7896716301271 | E42: x
B43: 1.2.01.05 | C43: Linguiça Calabresa 400g Aurora | D43: 7891164005832 | E43: x
A44: Farinhas e Massas 1.1.02
A45: Farinha de Mandioca (1Kg)
B46: 1.1.02.01 | C46: Farinha de Mandioca Branca 1Kg São João | D46: 7898357410022 | E46: x
B47: 1.1.02.01 | C47: Farinha de Mandioca Branca 1Kg São Miguel | D47: 7898031690030 | E47: x
B48: 1.1.02.01 | C48: Farinha de Mandioca Amarela 1Kg São João | D48: 7898357410015 | E48: x
B49: 1.1.02.01 | C49: Farinha de Mandioca Amarela 1Kg São Miguel | D49: 7898031690023 | E49: x
A50: Farinha de Milho (500g)
B51: 1.1.02.02 | C51: Farinha de Milho 500g Coringa | D51: 7896481130137 | E51: x
B52: 1.1.02.02 | C52: Farinha de Milho 500g Maratá | D52: 7898932426042 | E52: x
B53: 1.1.02.02 | C53: Farinha de Milho 500g Dona Clara | D53: 7896490288775 | E53: x
B54: 1.1.02.02 | C54: Farinha de Milho 500g Vitamilho | D54: 7898366930023 | E54: x
B55: 1.1.02.02 | C55: Farinha de Milho 500g Bahia | D55: 7898097320018 | E55: x
A56: Macarrão Espaguete (500g)
B57: 1.1.02.03 | C57: Macarrão Espaguete Ovos 500g Brandini | D57: 7896005213193 | E57: x
B58: 1.1.02.03 | C58: Macarrão Espaguete Ovos 500g Dona Benta | D58: 7896005286579 | E58: x
B59: 1.1.02.03 | C59: Macarrão Espaguete Ovos 500g Santa Amália | D59: 7896021300044 | E59: x
B60: 1.1.02.03 | C60: Macarrão Espaguete Ovos 500g Paulista | D60: 7896763621001 | E60: x
B61: 1.1.02.03 | C61: Macarrão Espaguete Ovos 500g Petybon | D61: 7897721410002 | E61: x
A62: Feijão Carioca 1.2.02.01
A63: Feijão Carioca (1 kg)
B64: 1.2.02.01 | C64: Feijão Carioca 1Kg Vida | D64: 7898920795051 | E64: x
B65: 1.2.02.01 | C65: Feijão Carioca 1Kg Kicaldo | D65: 7896116900029 | E65: x
B66: 1.2.02.01 | C66: Feijão Carioca 1Kg Dona Alice | D66: 7898903143015 | E66: x
B67: 1.2.02.01 | C67: Feijão Carioca 1Kg Padim | D67: 7898902334018 | E67: x
B68: 1.2.02.01 | C68: Feijão Carioca 1Kg Ki Sabor | D68: 7898930231037 | E68: x
A69: Leite e Derivados 1.1.01
A70: Leite Pasteurizado (1 lt)
B71: 1.1.01.01 | C71: Leite UHT Integral caixa 1L Piracanjuba | D71: 7898215151708 | E71: 8.49
B72: 1.1.01.01 | C72: Leite UHT Integral caixa 1L Betania | D72: 7898403782387 | E72: x
B73: 1.1.01.01 | C73: Leite UHT Integral caixa 1L Damare | D73: 7898945133203 | E73: x
B74: 1.1.01.01 | C74: Leite Pasteurizado Integral saco tipo C 1L Vitória | D74: 7898168390018 | E74: x
B75: 1.1.01.01 | C75: Leite Pasteurizado Integral saco tipo C 1L Conquista | D75: 7897856400091 | E75: x
A76: Queijo Mussarela (150g)
B77: 1.1.01.02 | C77: Queijo Mussarela 150g Davaca | D77: 7897318572823 | E77: x
B78: 1.1.01.02 | C78: Queijo Mussarela 150g Sadia | D78: 7891515591939 | E78: x
B79: 1.1.01.02 | C79: Queijo Mussarela 150g President | D79: 7898955617526 | E79: x
B80: 1.1.01.02 | C80: Queijo Mussarela 150g Galbani | D80: 7891097105739 | E80: x
B81: 1.1.01.02 | C81: Queijo Mussarela 150g Piracanjuba | D81: 7898215150282 | E81: x
A82: Queijo Prato (150g)
B83: 1.1.01.03 | C83: Queijo Prato 150g Davaca | D83: 7897318572830 | E83: x
B84: 1.1.01.03 | C84: Queijo Prato 150g Sadia | D84: 7891515592080 | E84: x
B85: 1.1.01.03 | C85: Queijo Prato 150g Galbani | D85: 7891097105739 | E85: x
B86: 1.1.01.03 | C86: Queijo Prato 150g Piracanjuba | D86: 7898215150657 | E86: x
B87: 1.1.01.03 | C87: Queijo Prato 150g President | D87: 7898955617519 | E87: x
A88: Manteiga (500g)
B89: 1.1.01.04 | C89: Manteiga 500g Davaca | D89: 7897318572816 | E89: x
B90: 1.1.01.04 | C90: Manteiga 500g Conleite | D90: 7898129140034 | E90: x
B91: 1.1.01.04 | C91: Manteiga 500g Verona | D91: 7897717900135 | E91: x
B92: 1.1.01.04 | C92: Manteiga 500g Natville | D92: 7898387120083 | E92: x
B93: 1.1.01.04 | C93: Manteiga 500g Piracanjuba | D93: 7898215151319 | E93: x
A94: Óleo 1.1.06
A95: Óleo (900 ml)
B96: 1.1.06.01 | C96: Óleo de Soja 900ml garrafa Soya | D96: 7891107101621 | E96: x
B97: 1.1.06.01 | C97: Óleo de Soja 900ml garrafa Liza | D97: 7896036090244 | E97: x
B98: 1.1.06.01 | C98: Óleo de Soja 900ml garrafa Sinhá | D98: 7892300030060 | E98: x
B99: 1.1.06.01 | C99: Óleo de Soja 900ml garrafa Concórdia | D99: 7898247780075 | E99: x
B100: 1.1.06.01 | C100: Óleo de Soja 900ml garrafa Primor | D100: 7891080803673 | E100: x
A101: Pão Francês 1.1.04
B102: 1.1.04.01 | C102: Pão Francês (1 kg) | D102: PÃO FRANCÊS | E102: x
...

Sheet M7
A2: QUESTIONÁRIO DE COLETA DE PREÇOS
A3: DATA: | B3: =IFERROR(Calendário!H10,"") -> 46275 | C3: ESTABELECIMENTO: | D3: =Calendário!C10 -> Santo Antônio Supermercados
A4: SEMANA: | B4: =IFERROR(Calendário!E10,"") -> 1 | C4: PESQUISADOR: | D4: =IFERROR(IF(Calendário!I10=0,"",Calendário!I10),"") -> Igor
A5: HORA: | C5: CRÍTICA: | D5: =IFERROR(IF(Calendário!J10=0,"",Calendário!J10),"") -> Mécia
A7: ITEM/PRODUTO | B7: CÓDIGO DO PRODUTO | C7: MARCAS DO PRODUTO | D7: CÓD. BARRAS PdH | E7: PREÇO
A8: Açúcar 1.1.05
A9: Açucar (1Kg)
B10: 1.1.05.01 | C10: Açucar Cristal Vida 1Kg | D10: 7898920795044 | E10: x
B11: 1.1.05.01 | C11: Açucar Cristal Coceal 1Kg | D11: 7898292530038 | E11: 4.45
B12: 1.1.05.01 | C12: Açúcar Cristal Vale Bahia 1Kg | D12: 7898968872011 | E12: x
B13: 1.1.05.01 | C13: Açucar Cristal Dona Mira 1Kg | D13: 7898964714070 | E13: x
B14: 1.1.05.01 | C14: Açucar Cristal Baiano 1Kg | D14: 7898920795259 | E14: x
A15: Arroz 1.2.03
A16: Arroz Parboilizado (1Kg)
B17: 1.2.03.01 | C17: Arroz Parboilizado Urbano 1Kg | D17: 7896038306053 | E17: 4.99
B18: 1.2.03.01 | C18: Arroz Parboilizado Tio João 1Kg | D18: 7893500018469 | E18: 6.2
B19: 1.2.03.01 | C19: Arroz Parboilizado Fazenda 1Kg | D19: 7896389600107 | E19: 4.4
B20: 1.2.03.01 | C20: Arroz Parboilizado Tia Maria 1Kg | D20: 609963230297 | E20: 4.29
B21: 1.2.03.01 | C21: Arroz Parboilizado Camil 1Kg | D21: 7896006716112 | E21: x
A22: Frutas 1.3.02
B23: 1.3.02.01 | C23: Banana da Prata (1 Kg) | D23: BANANA PRATA | E23: 8.99
B24: 1.3.02.02 | C24: Maça Nacional Vermelha (1 Kg) | D24: MAÇA NACIONAL | E24: 9.98
A25: Café 1.1.03
A26: Café (250g)
B27: 1.1.03.01 | C27: Café Torrado e Moído Tradicional 250g Bahia a Vácuo | D27: 7898017920199 | E27: 16.95
B28: 1.1.03.01 | C28: Café Torrado e Moído Tradicional 250g Pilão a Vácuo | D28: 7896089012637 | E28: x
B29: 1.1.03.01 | C29: Café Torrado e Moído Tradicional 250g 3 Corações a Vácuo | D29: 7896005800362 | E29: 17.99
B30: 1.1.03.01 | C30: Café Torrado e Moído Tradicional 250g Mellita a Vácuo | D30: 7891021006071 | E30: 17.9
B31: 1.1.03.01 | C31: Café Torrado e Moído Tradicional 250g Maratá a Vácuo | D31: 7898286200039 | E31: 14.9
A32: Carnes, ovos e embutidos 1.2.01
B33: 1.2.01.01 | C33: Carne Acém (1 kg) | D33: CARNE ACÉM | E33: x
B34: 1.2.01.02 | C34: Carne Alcatra (1 kg) | D34: CARNE ALCATRA | E34: 37.9
B35: 1.2.01.03 | C35: Charque - Dianteira ou Ponta de Agulha (1Kg) | D35: CHARQUE | E35: 54.9
B36: 1.2.01.04 | C36: Frango Inteiro Congelado (1 kg) | D36: FRANGO INTEIRO | E36: x
B37: 1.2.01.06 | C37: Ovos Brancos (Unid.) | D37: OVOS BRANCOS | E37: x
A38: Linguiça Calabresa (400g)
B39: 1.2.01.05 | C39: Linguiça Calabresa 400g Sadia | D39: 7891515620981 | E39: 12.9
B40: 1.2.01.05 | C40: Linguiça Calabresa 400g Perdigao | D40: 7891515977511 | E40: 16.29
B41: 1.2.01.05 | C41: Linguiça Calabresa 400g Seara | D41: 7894904009862 | E41: 16.49
B42: 1.2.01.05 | C42: Linguiça Calabresa 400g Pamplona | D42: 7896716301271 | E42: x
B43: 1.2.01.05 | C43: Linguiça Calabresa 400g Aurora | D43: 7891164005832 | E43: x
A44: Farinhas e Massas 1.1.02
A45: Farinha de Mandioca (1Kg)
B46: 1.1.02.01 | C46: Farinha de Mandioca Branca 1Kg São João | D46: 7898357410022 | E46: 4.8
B47: 1.1.02.01 | C47: Farinha de Mandioca Branca 1Kg São Miguel | D47: 7898031690030 | E47: 10.8
B48: 1.1.02.01 | C48: Farinha de Mandioca Amarela 1Kg São João | D48: 7898357410015 | E48: 4.8
B49: 1.1.02.01 | C49: Farinha de Mandioca Amarela 1Kg São Miguel | D49: 7898031690023 | E49: 10.8
A50: Farinha de Milho (500g)
B51: 1.1.02.02 | C51: Farinha de Milho 500g Coringa | D51: 7896481130137 | E51: 2.79
B52: 1.1.02.02 | C52: Farinha de Milho 500g Maratá | D52: 7898932426042 | E52: x
B53: 1.1.02.02 | C53: Farinha de Milho 500g Dona Clara | D53: 7896490288775 | E53: 1.95
B54: 1.1.02.02 | C54: Farinha de Milho 500g Vitamilho | D54: 7898366930023 | E54: 1.82
B55: 1.1.02.02 | C55: Farinha de Milho 500g Bahia | D55: 7898097320018 | E55: 3.95
A56: Macarrão Espaguete (500g)
B57: 1.1.02.03 | C57: Macarrão Espaguete Ovos 500g Brandini | D57: 7896005213193 | E57: 4.9
B58: 1.1.02.03 | C58: Macarrão Espaguete Ovos 500g Dona Benta | D58: 7896005286579 | E58: 4.95
B59: 1.1.02.03 | C59: Macarrão Espaguete Ovos 500g Santa Amália | D59: 7896021300044 | E59: 5.5
B60: 1.1.02.03 | C60: Macarrão Espaguete Ovos 500g Paulista | D60: 7896763621001 | E60: x
B61: 1.1.02.03 | C61: Macarrão Espaguete Ovos 500g Petybon | D61: 7897721410002 | E61: 4.99
A62: Feijão Carioca 1.2.02.01
A63: Feijão Carioca (1 kg)
B64: 1.2.02.01 | C64: Feijão Carioca 1Kg Vida | D64: 7898920795051 | E64: x
B65: 1.2.02.01 | C65: Feijão Carioca 1Kg Kicaldo | D65: 7896116900029 | E65: 10.49
B66: 1.2.02.01 | C66: Feijão Carioca 1Kg Dona Alice | D66: 7898903143015 | E66: x
B67: 1.2.02.01 | C67: Feijão Carioca 1Kg Padim | D67: 7898902334018 | E67: x
B68: 1.2.02.01 | C68: Feijão Carioca 1Kg Ki Sabor | D68: 7898930231037 | E68: 8.9
A69: Leite e Derivados 1.1.01
A70: Leite Pasteurizado (1 lt)
B71: 1.1.01.01 | C71: Leite UHT Integral caixa 1L Piracanjuba | D71: 7898215151708 | E71: x
B72: 1.1.01.01 | C72: Leite UHT Integral caixa 1L Betania | D72: 7898403782387 | E72: 7.8
B73: 1.1.01.01 | C73: Leite UHT Integral caixa 1L Damare | D73: 7898945133203 | E73: x
B74: 1.1.01.01 | C74: Leite Pasteurizado Integral saco tipo C 1L Vitória | D74: 7898168390018 | E74: x
B75: 1.1.01.01 | C75: Leite Pasteurizado Integral saco tipo C 1L Conquista | D75: 7897856400091 | E75: x
A76: Queijo Mussarela (150g)
B77: 1.1.01.02 | C77: Queijo Mussarela 150g Davaca | D77: 7897318572823 | E77: 9.99
B78: 1.1.01.02 | C78: Queijo Mussarela 150g Sadia | D78: 7891515591939 | E78: 11.79
B79: 1.1.01.02 | C79: Queijo Mussarela 150g President | D79: 7898955617526 | E79: 7.99
B80: 1.1.01.02 | C80: Queijo Mussarela 150g Galbani | D80: 7891097105739 | E80: x
B81: 1.1.01.02 | C81: Queijo Mussarela 150g Piracanjuba | D81: 7898215150282 | E81: 11.89
A82: Queijo Prato (150g)
B83: 1.1.01.03 | C83: Queijo Prato 150g Davaca | D83: 7897318572830 | E83: 9.99
B84: 1.1.01.03 | C84: Queijo Prato 150g Sadia | D84: 7891515592080 | E84: 11.79
B85: 1.1.01.03 | C85: Queijo Prato 150g Galbani | D85: 7891097105739 | E85: x
B86: 1.1.01.03 | C86: Queijo Prato 150g Piracanjuba | D86: 7898215150657 | E86: 12.9
B87: 1.1.01.03 | C87: Queijo Prato 150g President | D87: 7898955617519 | E87: 15.29
A88: Manteiga (500g)
B89: 1.1.01.04 | C89: Manteiga 500g Davaca | D89: 7897318572816 | E89: 30.79
B90: 1.1.01.04 | C90: Manteiga 500g Conleite | D90: 7898129140034 | E90: 27.9
B91: 1.1.01.04 | C91: Manteiga 500g Verona | D91: 7897717900135 | E91: 28.9
B92: 1.1.01.04 | C92: Manteiga 500g Natville | D92: 7898387120083 | E92: x
B93: 1.1.01.04 | C93: Manteiga 500g Piracanjuba | D93: 7898215151319 | E93: 32.79
A94: Óleo 1.1.06
A95: Óleo (900 ml)
B96: 1.1.06.01 | C96: Óleo de Soja 900ml garrafa Soya | D96: 7891107101621 | E96: 8.99
B97: 1.1.06.01 | C97: Óleo de Soja 900ml garrafa Liza | D97: 7896036090244 | E97: x
B98: 1.1.06.01 | C98: Óleo de Soja 900ml garrafa Sinhá | D98: 7892300030060 | E98: x
B99: 1.1.06.01 | C99: Óleo de Soja 900ml garrafa Concórdia | D99: 7898247780075 | E99: x
B100: 1.1.06.01 | C100: Óleo de Soja 900ml garrafa Primor | D100: 7891080803673 | E100: x
A101: Pão Francês 1.1.04
B102: 1.1.04.01 | C102: Pão Francês (1 kg) | D102: PÃO FRANCÊS | E102: 18.5
...

Sheet M8
A2: QUESTIONÁRIO DE COLETA DE PREÇOS
A3: DATA: | B3: =IFERROR(Calendário!H11,"") -> 46275 | C3: ESTABELECIMENTO: | D3: =Calendário!C11 -> Mercado Teixeira
A4: SEMANA: | B4: =IFERROR(Calendário!E11,"") -> 1 | C4: PESQUISADOR: | D4: =IFERROR(IF(Calendário!I11=0,"",Calendário!I11),"") -> Igor
A5: HORA: | C5: CRÍTICA: | D5: =IFERROR(IF(Calendário!J11=0,"",Calendário!J11),"") -> Mécia
A7: ITEM/PRODUTO | B7: CÓDIGO DO PRODUTO | C7: MARCAS DO PRODUTO | D7: CÓD. BARRAS PdH | E7: PREÇO
A8: Açúcar 1.1.05
A9: Açucar (1Kg)
B10: 1.1.05.01 | C10: Açucar Cristal Vida 1Kg | D10: 7898920795044 | E10: x
B11: 1.1.05.01 | C11: Açucar Cristal Coceal 1Kg | D11: 7898292530038 | E11: 4.29
B12: 1.1.05.01 | C12: Açúcar Cristal Vale Bahia 1Kg | D12: 7898968872011 | E12: x
B13: 1.1.05.01 | C13: Açucar Cristal Dona Mira 1Kg | D13: 7898964714070 | E13: x
B14: 1.1.05.01 | C14: Açucar Cristal Baiano 1Kg | D14: 7898920795259 | E14: x
A15: Arroz 1.2.03
A16: Arroz Parboilizado (1Kg)
B17: 1.2.03.01 | C17: Arroz Parboilizado Urbano 1Kg | D17: 7896038306053 | E17: x
B18: 1.2.03.01 | C18: Arroz Parboilizado Tio João 1Kg | D18: 7893500018469 | E18: x
B19: 1.2.03.01 | C19: Arroz Parboilizado Fazenda 1Kg | D19: 7896389600107 | E19: x
B20: 1.2.03.01 | C20: Arroz Parboilizado Tia Maria 1Kg | D20: 609963230297 | E20: x
B21: 1.2.03.01 | C21: Arroz Parboilizado Camil 1Kg | D21: 7896006716112 | E21: x
A22: Frutas 1.3.02
B23: 1.3.02.01 | C23: Banana da Prata (1 Kg) | D23: BANANA PRATA | E23: x
B24: 1.3.02.02 | C24: Maça Nacional Vermelha (1 Kg) | D24: MAÇA NACIONAL | E24: x
A25: Café 1.1.03
A26: Café (250g)
B27: 1.1.03.01 | C27: Café Torrado e Moído Tradicional 250g Bahia a Vácuo | D27: 7898017920199 | E27: x
B28: 1.1.03.01 | C28: Café Torrado e Moído Tradicional 250g Pilão a Vácuo | D28: 7896089012637 | E28: x
B29: 1.1.03.01 | C29: Café Torrado e Moído Tradicional 250g 3 Corações a Vácuo | D29: 7896005800362 | E29: x
B30: 1.1.03.01 | C30: Café Torrado e Moído Tradicional 250g Mellita a Vácuo | D30: 7891021006071 | E30: x
B31: 1.1.03.01 | C31: Café Torrado e Moído Tradicional 250g Maratá a Vácuo | D31: 7898286200039 | E31: x
A32: Carnes, ovos e embutidos 1.2.01
B33: 1.2.01.01 | C33: Carne Acém (1 kg) | D33: CARNE ACÉM | E33: x
B34: 1.2.01.02 | C34: Carne Alcatra (1 kg) | D34: CARNE ALCATRA | E34: x
B35: 1.2.01.03 | C35: Charque - Dianteira ou Ponta de Agulha (1Kg) | D35: CHARQUE | E35: 49.79
B36: 1.2.01.04 | C36: Frango Inteiro Congelado (1 kg) | D36: FRANGO INTEIRO | E36: x
B37: 1.2.01.06 | C37: Ovos Brancos (Unid.) | D37: OVOS BRANCOS | E37: 0.75
A38: Linguiça Calabresa (400g)
B39: 1.2.01.05 | C39: Linguiça Calabresa 400g Sadia | D39: 7891515620981 | E39: x
B40: 1.2.01.05 | C40: Linguiça Calabresa 400g Perdigao | D40: 7891515977511 | E40: x
B41: 1.2.01.05 | C41: Linguiça Calabresa 400g Seara | D41: 7894904009862 | E41: x
B42: 1.2.01.05 | C42: Linguiça Calabresa 400g Pamplona | D42: 7896716301271 | E42: x
B43: 1.2.01.05 | C43: Linguiça Calabresa 400g Aurora | D43: 7891164005832 | E43: x
A44: Farinhas e Massas 1.1.02
A45: Farinha de Mandioca (1Kg)
B46: 1.1.02.01 | C46: Farinha de Mandioca Branca 1Kg São João | D46: 7898357410022 | E46: 4.99
B47: 1.1.02.01 | C47: Farinha de Mandioca Branca 1Kg São Miguel | D47: 7898031690030 | E47: x
B48: 1.1.02.01 | C48: Farinha de Mandioca Amarela 1Kg São João | D48: 7898357410015 | E48: 4.99
B49: 1.1.02.01 | C49: Farinha de Mandioca Amarela 1Kg São Miguel | D49: 7898031690023 | E49: x
A50: Farinha de Milho (500g)
B51: 1.1.02.02 | C51: Farinha de Milho 500g Coringa | D51: 7896481130137 | E51: 2.49
B52: 1.1.02.02 | C52: Farinha de Milho 500g Maratá | D52: 7898932426042 | E52: x
B53: 1.1.02.02 | C53: Farinha de Milho 500g Dona Clara | D53: 7896490288775 | E53: x
B54: 1.1.02.02 | C54: Farinha de Milho 500g Vitamilho | D54: 7898366930023 | E54: x
B55: 1.1.02.02 | C55: Farinha de Milho 500g Bahia | D55: 7898097320018 | E55: x
A56: Macarrão Espaguete (500g)
B57: 1.1.02.03 | C57: Macarrão Espaguete Ovos 500g Brandini | D57: 7896005213193 | E57: x
B58: 1.1.02.03 | C58: Macarrão Espaguete Ovos 500g Dona Benta | D58: 7896005286579 | E58: x
B59: 1.1.02.03 | C59: Macarrão Espaguete Ovos 500g Santa Amália | D59: 7896021300044 | E59: x
B60: 1.1.02.03 | C60: Macarrão Espaguete Ovos 500g Paulista | D60: 7896763621001 | E60: x
B61: 1.1.02.03 | C61: Macarrão Espaguete Ovos 500g Petybon | D61: 7897721410002 | E61: x
A62: Feijão Carioca 1.2.02.01
A63: Feijão Carioca (1 kg)
B64: 1.2.02.01 | C64: Feijão Carioca 1Kg Vida | D64: 7898920795051 | E64: x
B65: 1.2.02.01 | C65: Feijão Carioca 1Kg Kicaldo | D65: 7896116900029 | E65: x
B66: 1.2.02.01 | C66: Feijão Carioca 1Kg Dona Alice | D66: 7898903143015 | E66: x
B67: 1.2.02.01 | C67: Feijão Carioca 1Kg Padim | D67: 7898902334018 | E67: x
B68: 1.2.02.01 | C68: Feijão Carioca 1Kg Ki Sabor | D68: 7898930231037 | E68: 8.99
A69: Leite e Derivados 1.1.01
A70: Leite Pasteurizado (1 lt)
B71: 1.1.01.01 | C71: Leite UHT Integral caixa 1L Piracanjuba | D71: 7898215151708 | E71: x
B72: 1.1.01.01 | C72: Leite UHT Integral caixa 1L Betania | D72: 7898403782387 | E72: x
B73: 1.1.01.01 | C73: Leite UHT Integral caixa 1L Damare | D73: 7898945133203 | E73: x
B74: 1.1.01.01 | C74: Leite Pasteurizado Integral saco tipo C 1L Vitória | D74: 7898168390018 | E74: 6
B75: 1.1.01.01 | C75: Leite Pasteurizado Integral saco tipo C 1L Conquista | D75: 7897856400091 | E75: x
A76: Queijo Mussarela (150g)
B77: 1.1.01.02 | C77: Queijo Mussarela 150g Davaca | D77: 7897318572823 | E77: x
B78: 1.1.01.02 | C78: Queijo Mussarela 150g Sadia | D78: 7891515591939 | E78: x
B79: 1.1.01.02 | C79: Queijo Mussarela 150g President | D79: 7898955617526 | E79: x
B80: 1.1.01.02 | C80: Queijo Mussarela 150g Galbani | D80: 7891097105739 | E80: x
B81: 1.1.01.02 | C81: Queijo Mussarela 150g Piracanjuba | D81: 7898215150282 | E81: x
A82: Queijo Prato (150g)
B83: 1.1.01.03 | C83: Queijo Prato 150g Davaca | D83: 7897318572830 | E83: x
B84: 1.1.01.03 | C84: Queijo Prato 150g Sadia | D84: 7891515592080 | E84: x
B85: 1.1.01.03 | C85: Queijo Prato 150g Galbani | D85: 7891097105739 | E85: x
B86: 1.1.01.03 | C86: Queijo Prato 150g Piracanjuba | D86: 7898215150657 | E86: x
B87: 1.1.01.03 | C87: Queijo Prato 150g President | D87: 7898955617519 | E87: x
A88: Manteiga (500g)
B89: 1.1.01.04 | C89: Manteiga 500g Davaca | D89: 7897318572816 | E89: x
B90: 1.1.01.04 | C90: Manteiga 500g Conleite | D90: 7898129140034 | E90: x
B91: 1.1.01.04 | C91: Manteiga 500g Verona | D91: 7897717900135 | E91: x
B92: 1.1.01.04 | C92: Manteiga 500g Natville | D92: 7898387120083 | E92: x
B93: 1.1.01.04 | C93: Manteiga 500g Piracanjuba | D93: 7898215151319 | E93: x
A94: Óleo 1.1.06
A95: Óleo (900 ml)
B96: 1.1.06.01 | C96: Óleo de Soja 900ml garrafa Soya | D96: 7891107101621 | E96: 8.49
B97: 1.1.06.01 | C97: Óleo de Soja 900ml garrafa Liza | D97: 7896036090244 | E97: x
B98: 1.1.06.01 | C98: Óleo de Soja 900ml garrafa Sinhá | D98: 7892300030060 | E98: x
B99: 1.1.06.01 | C99: Óleo de Soja 900ml garrafa Concórdia | D99: 7898247780075 | E99: x
B100: 1.1.06.01 | C100: Óleo de Soja 900ml garrafa Primor | D100: 7891080803673 | E100: x
A101: Pão Francês 1.1.04
B102: 1.1.04.01 | C102: Pão Francês (1 kg) | D102: PÃO FRANCÊS | E102: x
...

Sheet M9
A2: QUESTIONÁRIO DE COLETA DE PREÇOS
A3: DATA: | B3: =IFERROR(Calendário!H12,"") -> 46276 | C3: ESTABELECIMENTO: | D3: =Calendário!C12 -> Supermercado Modelo
A4: SEMANA: | B4: =IFERROR(Calendário!E12,"") -> 1 | C4: PESQUISADOR: | D4: =IFERROR(IF(Calendário!I12=0,"",Calendário!I12),"") -> Mateus
A5: HORA: | C5: CRÍTICA: | D5: =IFERROR(IF(Calendário!J12=0,"",Calendário!J12),"") -> Darci
A7: ITEM/PRODUTO | B7: CÓDIGO DO PRODUTO | C7: MARCAS DO PRODUTO | D7: CÓD. BARRAS PdH | E7: PREÇO
A8: Açúcar 1.1.05
A9: Açucar (1Kg)
B10: 1.1.05.01 | C10: Açucar Cristal Vida 1Kg | D10: 7898920795044
B11: 1.1.05.01 | C11: Açucar Cristal Coceal 1Kg | D11: 7898292530038
B12: 1.1.05.01 | C12: Açúcar Cristal Vale Bahia 1Kg | D12: 7898968872011
B13: 1.1.05.01 | C13: Açucar Cristal Dona Mira 1Kg | D13: 7898964714070
B14: 1.1.05.01 | C14: Açucar Cristal Baiano 1Kg | D14: 7898920795259
A15: Arroz 1.2.03
A16: Arroz Parboilizado (1Kg)
B17: 1.2.03.01 | C17: Arroz Parboilizado Urbano 1Kg | D17: 7896038306053
B18: 1.2.03.01 | C18: Arroz Parboilizado Tio João 1Kg | D18: 7893500018469
B19: 1.2.03.01 | C19: Arroz Parboilizado Fazenda 1Kg | D19: 7896389600107
B20: 1.2.03.01 | C20: Arroz Parboilizado Tia Maria 1Kg | D20: 609963230297
B21: 1.2.03.01 | C21: Arroz Parboilizado Camil 1Kg | D21: 7896006716112
A22: Frutas 1.3.02
B23: 1.3.02.01 | C23: Banana da Prata (1 Kg) | D23: BANANA PRATA
B24: 1.3.02.02 | C24: Maça Nacional Vermelha (1 Kg) | D24: MAÇA NACIONAL
A25: Café 1.1.03
A26: Café (250g)
B27: 1.1.03.01 | C27: Café Torrado e Moído Tradicional 250g Bahia a Vácuo | D27: 7898017920199
B28: 1.1.03.01 | C28: Café Torrado e Moído Tradicional 250g Pilão a Vácuo | D28: 7896089012637
B29: 1.1.03.01 | C29: Café Torrado e Moído Tradicional 250g 3 Corações a Vácuo | D29: 7896005800362
B30: 1.1.03.01 | C30: Café Torrado e Moído Tradicional 250g Mellita a Vácuo | D30: 7891021006071
B31: 1.1.03.01 | C31: Café Torrado e Moído Tradicional 250g Maratá a Vácuo | D31: 7898286200039
A32: Carnes, ovos e embutidos 1.2.01
B33: 1.2.01.01 | C33: Carne Acém (1 kg) | D33: CARNE ACÉM
B34: 1.2.01.02 | C34: Carne Alcatra (1 kg) | D34: CARNE ALCATRA
B35: 1.2.01.03 | C35: Charque - Dianteira ou Ponta de Agulha (1Kg) | D35: CHARQUE
B36: 1.2.01.04 | C36: Frango Inteiro Congelado (1 kg) | D36: FRANGO INTEIRO
B37: 1.2.01.06 | C37: Ovos Brancos (Unid.) | D37: OVOS BRANCOS
A38: Linguiça Calabresa (400g)
B39: 1.2.01.05 | C39: Linguiça Calabresa 400g Sadia | D39: 7891515620981
B40: 1.2.01.05 | C40: Linguiça Calabresa 400g Perdigao | D40: 7891515977511
B41: 1.2.01.05 | C41: Linguiça Calabresa 400g Seara | D41: 7894904009862
B42: 1.2.01.05 | C42: Linguiça Calabresa 400g Pamplona | D42: 7896716301271
B43: 1.2.01.05 | C43: Linguiça Calabresa 400g Aurora | D43: 7891164005832
A44: Farinhas e Massas 1.1.02
A45: Farinha de Mandioca (1Kg)
B46: 1.1.02.01 | C46: Farinha de Mandioca Branca 1Kg São João | D46: 7898357410022
B47: 1.1.02.01 | C47: Farinha de Mandioca Branca 1Kg São Miguel | D47: 7898031690030
B48: 1.1.02.01 | C48: Farinha de Mandioca Amarela 1Kg São João | D48: 7898357410015
B49: 1.1.02.01 | C49: Farinha de Mandioca Amarela 1Kg São Miguel | D49: 7898031690023
A50: Farinha de Milho (500g)
B51: 1.1.02.02 | C51: Farinha de Milho 500g Coringa | D51: 7896481130137
B52: 1.1.02.02 | C52: Farinha de Milho 500g Maratá | D52: 7898932426042
B53: 1.1.02.02 | C53: Farinha de Milho 500g Dona Clara | D53: 7896490288775
B54: 1.1.02.02 | C54: Farinha de Milho 500g Vitamilho | D54: 7898366930023
B55: 1.1.02.02 | C55: Farinha de Milho 500g Bahia | D55: 7898097320018
A56: Macarrão Espaguete (500g)
B57: 1.1.02.03 | C57: Macarrão Espaguete Ovos 500g Brandini | D57: 7896005213193
B58: 1.1.02.03 | C58: Macarrão Espaguete Ovos 500g Dona Benta | D58: 7896005286579
B59: 1.1.02.03 | C59: Macarrão Espaguete Ovos 500g Santa Amália | D59: 7896021300044
B60: 1.1.02.03 | C60: Macarrão Espaguete Ovos 500g Paulista | D60: 7896763621001
B61: 1.1.02.03 | C61: Macarrão Espaguete Ovos 500g Petybon | D61: 7897721410002
A62: Feijão Carioca 1.2.02.01
A63: Feijão Carioca (1 kg)
B64: 1.2.02.01 | C64: Feijão Carioca 1Kg Vida | D64: 7898920795051
B65: 1.2.02.01 | C65: Feijão Carioca 1Kg Kicaldo | D65: 7896116900029
B66: 1.2.02.01 | C66: Feijão Carioca 1Kg Dona Alice | D66: 7898903143015
B67: 1.2.02.01 | C67: Feijão Carioca 1Kg Padim | D67: 7898902334018
B68: 1.2.02.01 | C68: Feijão Carioca 1Kg Ki Sabor | D68: 7898930231037
A69: Leite e Derivados 1.1.01
A70: Leite Pasteurizado (1 lt)
B71: 1.1.01.01 | C71: Leite UHT Integral caixa 1L Piracanjuba | D71: 7898215151708
B72: 1.1.01.01 | C72: Leite UHT Integral caixa 1L Betania | D72: 7898403782387
B73: 1.1.01.01 | C73: Leite UHT Integral caixa 1L Damare | D73: 7898945133203
B74: 1.1.01.01 | C74: Leite Pasteurizado Integral saco tipo C 1L Vitória | D74: 7898168390018
B75: 1.1.01.01 | C75: Leite Pasteurizado Integral saco tipo C 1L Conquista | D75: 7897856400091
A76: Queijo Mussarela (150g)
B77: 1.1.01.02 | C77: Queijo Mussarela 150g Davaca | D77: 7897318572823
B78: 1.1.01.02 | C78: Queijo Mussarela 150g Sadia | D78: 7891515591939
B79: 1.1.01.02 | C79: Queijo Mussarela 150g President | D79: 7898955617526
B80: 1.1.01.02 | C80: Queijo Mussarela 150g Galbani | D80: 7891097105739
B81: 1.1.01.02 | C81: Queijo Mussarela 150g Piracanjuba | D81: 7898215150282
A82: Queijo Prato (150g)
B83: 1.1.01.03 | C83: Queijo Prato 150g Davaca | D83: 7897318572830
B84: 1.1.01.03 | C84: Queijo Prato 150g Sadia | D84: 7891515592080
B85: 1.1.01.03 | C85: Queijo Prato 150g Galbani | D85: 7891097105739
B86: 1.1.01.03 | C86: Queijo Prato 150g Piracanjuba | D86: 7898215150657
B87: 1.1.01.03 | C87: Queijo Prato 150g President | D87: 7898955617519
A88: Manteiga (500g)
B89: 1.1.01.04 | C89: Manteiga 500g Davaca | D89: 7897318572816
B90: 1.1.01.04 | C90: Manteiga 500g Conleite | D90: 7898129140034
B91: 1.1.01.04 | C91: Manteiga 500g Verona | D91: 7897717900135
B92: 1.1.01.04 | C92: Manteiga 500g Natville | D92: 7898387120083
B93: 1.1.01.04 | C93: Manteiga 500g Piracanjuba | D93: 7898215151319
A94: Óleo 1.1.06
A95: Óleo (900 ml)
B96: 1.1.06.01 | C96: Óleo de Soja 900ml garrafa Soya | D96: 7891107101621
B97: 1.1.06.01 | C97: Óleo de Soja 900ml garrafa Liza | D97: 7896036090244
B98: 1.1.06.01 | C98: Óleo de Soja 900ml garrafa Sinhá | D98: 7892300030060
B99: 1.1.06.01 | C99: Óleo de Soja 900ml garrafa Concórdia | D99: 7898247780075
B100: 1.1.06.01 | C100: Óleo de Soja 900ml garrafa Primor | D100: 7891080803673
A101: Pão Francês 1.1.04
B102: 1.1.04.01 | C102: Pão Francês (1 kg) | D102: PÃO FRANCÊS
...

Sheet M10
A2: QUESTIONÁRIO DE COLETA DE PREÇOS
A3: DATA: | B3: =IFERROR(Calendário!H13,"") -> 46276 | C3: ESTABELECIMENTO: | D3: =Calendário!C13 -> Supermercado Esplendor
A4: SEMANA: | B4: =IFERROR(Calendário!E13,"") -> 1 | C4: PESQUISADOR: | D4: =IFERROR(IF(Calendário!I13=0,"",Calendário!I13),"") -> Mateus
A5: HORA: | C5: CRÍTICA: | D5: =IFERROR(IF(Calendário!J13=0,"",Calendário!J13),"") -> Darci
A7: ITEM/PRODUTO | B7: CÓDIGO DO PRODUTO | C7: MARCAS DO PRODUTO | D7: CÓD. BARRAS PdH | E7: PREÇO
A8: Açúcar 1.1.05
A9: Açucar (1Kg)
B10: 1.1.05.01 | C10: Açucar Cristal Vida 1Kg | D10: 7898920795044
B11: 1.1.05.01 | C11: Açucar Cristal Coceal 1Kg | D11: 7898292530038
B12: 1.1.05.01 | C12: Açúcar Cristal Vale Bahia 1Kg | D12: 7898968872011
B13: 1.1.05.01 | C13: Açucar Cristal Dona Mira 1Kg | D13: 7898964714070
B14: 1.1.05.01 | C14: Açucar Cristal Baiano 1Kg | D14: 7898920795259
A15: Arroz 1.2.03
A16: Arroz Parboilizado (1Kg)
B17: 1.2.03.01 | C17: Arroz Parboilizado Urbano 1Kg | D17: 7896038306053
B18: 1.2.03.01 | C18: Arroz Parboilizado Tio João 1Kg | D18: 7893500018469
B19: 1.2.03.01 | C19: Arroz Parboilizado Fazenda 1Kg | D19: 7896389600107
B20: 1.2.03.01 | C20: Arroz Parboilizado Tia Maria 1Kg | D20: 609963230297
B21: 1.2.03.01 | C21: Arroz Parboilizado Camil 1Kg | D21: 7896006716112
A22: Frutas 1.3.02
B23: 1.3.02.01 | C23: Banana da Prata (1 Kg) | D23: BANANA PRATA
B24: 1.3.02.02 | C24: Maça Nacional Vermelha (1 Kg) | D24: MAÇA NACIONAL
A25: Café 1.1.03
A26: Café (250g)
B27: 1.1.03.01 | C27: Café Torrado e Moído Tradicional 250g Bahia a Vácuo | D27: 7898017920199
B28: 1.1.03.01 | C28: Café Torrado e Moído Tradicional 250g Pilão a Vácuo | D28: 7896089012637
B29: 1.1.03.01 | C29: Café Torrado e Moído Tradicional 250g 3 Corações a Vácuo | D29: 7896005800362
B30: 1.1.03.01 | C30: Café Torrado e Moído Tradicional 250g Mellita a Vácuo | D30: 7891021006071
B31: 1.1.03.01 | C31: Café Torrado e Moído Tradicional 250g Maratá a Vácuo | D31: 7898286200039
A32: Carnes, ovos e embutidos 1.2.01
B33: 1.2.01.01 | C33: Carne Acém (1 kg) | D33: CARNE ACÉM
B34: 1.2.01.02 | C34: Carne Alcatra (1 kg) | D34: CARNE ALCATRA
B35: 1.2.01.03 | C35: Charque - Dianteira ou Ponta de Agulha (1Kg) | D35: CHARQUE
B36: 1.2.01.04 | C36: Frango Inteiro Congelado (1 kg) | D36: FRANGO INTEIRO
B37: 1.2.01.06 | C37: Ovos Brancos (Unid.) | D37: OVOS BRANCOS
A38: Linguiça Calabresa (400g)
B39: 1.2.01.05 | C39: Linguiça Calabresa 400g Sadia | D39: 7891515620981
B40: 1.2.01.05 | C40: Linguiça Calabresa 400g Perdigao | D40: 7891515977511
B41: 1.2.01.05 | C41: Linguiça Calabresa 400g Seara | D41: 7894904009862
B42: 1.2.01.05 | C42: Linguiça Calabresa 400g Pamplona | D42: 7896716301271
B43: 1.2.01.05 | C43: Linguiça Calabresa 400g Aurora | D43: 7891164005832
A44: Farinhas e Massas 1.1.02
A45: Farinha de Mandioca (1Kg)
B46: 1.1.02.01 | C46: Farinha de Mandioca Branca 1Kg São João | D46: 7898357410022
B47: 1.1.02.01 | C47: Farinha de Mandioca Branca 1Kg São Miguel | D47: 7898031690030
B48: 1.1.02.01 | C48: Farinha de Mandioca Amarela 1Kg São João | D48: 7898357410015
B49: 1.1.02.01 | C49: Farinha de Mandioca Amarela 1Kg São Miguel | D49: 7898031690023
A50: Farinha de Milho (500g)
B51: 1.1.02.02 | C51: Farinha de Milho 500g Coringa | D51: 7896481130137
B52: 1.1.02.02 | C52: Farinha de Milho 500g Maratá | D52: 7898932426042
B53: 1.1.02.02 | C53: Farinha de Milho 500g Dona Clara | D53: 7896490288775
B54: 1.1.02.02 | C54: Farinha de Milho 500g Vitamilho | D54: 7898366930023
B55: 1.1.02.02 | C55: Farinha de Milho 500g Bahia | D55: 7898097320018
A56: Macarrão Espaguete (500g)
B57: 1.1.02.03 | C57: Macarrão Espaguete Ovos 500g Brandini | D57: 7896005213193
B58: 1.1.02.03 | C58: Macarrão Espaguete Ovos 500g Dona Benta | D58: 7896005286579
B59: 1.1.02.03 | C59: Macarrão Espaguete Ovos 500g Santa Amália | D59: 7896021300044
B60: 1.1.02.03 | C60: Macarrão Espaguete Ovos 500g Paulista | D60: 7896763621001
B61: 1.1.02.03 | C61: Macarrão Espaguete Ovos 500g Petybon | D61: 7897721410002
A62: Feijão Carioca 1.2.02.01
A63: Feijão Carioca (1 kg)
B64: 1.2.02.01 | C64: Feijão Carioca 1Kg Vida | D64: 7898920795051
B65: 1.2.02.01 | C65: Feijão Carioca 1Kg Kicaldo | D65: 7896116900029
B66: 1.2.02.01 | C66: Feijão Carioca 1Kg Dona Alice | D66: 7898903143015
B67: 1.2.02.01 | C67: Feijão Carioca 1Kg Padim | D67: 7898902334018
B68: 1.2.02.01 | C68: Feijão Carioca 1Kg Ki Sabor | D68: 7898930231037
A69: Leite e Derivados 1.1.01
A70: Leite Pasteurizado (1 lt)
B71: 1.1.01.01 | C71: Leite UHT Integral caixa 1L Piracanjuba | D71: 7898215151708
B72: 1.1.01.01 | C72: Leite UHT Integral caixa 1L Betania | D72: 7898403782387
B73: 1.1.01.01 | C73: Leite UHT Integral caixa 1L Damare | D73: 7898945133203
B74: 1.1.01.01 | C74: Leite Pasteurizado Integral saco tipo C 1L Vitória | D74: 7898168390018
B75: 1.1.01.01 | C75: Leite Pasteurizado Integral saco tipo C 1L Conquista | D75: 7897856400091
A76: Queijo Mussarela (150g)
B77: 1.1.01.02 | C77: Queijo Mussarela 150g Davaca | D77: 7897318572823
B78: 1.1.01.02 | C78: Queijo Mussarela 150g Sadia | D78: 7891515591939
B79: 1.1.01.02 | C79: Queijo Mussarela 150g President | D79: 7898955617526
B80: 1.1.01.02 | C80: Queijo Mussarela 150g Galbani | D80: 7891097105739
B81: 1.1.01.02 | C81: Queijo Mussarela 150g Piracanjuba | D81: 7898215150282
A82: Queijo Prato (150g)
B83: 1.1.01.03 | C83: Queijo Prato 150g Davaca | D83: 7897318572830
B84: 1.1.01.03 | C84: Queijo Prato 150g Sadia | D84: 7891515592080
B85: 1.1.01.03 | C85: Queijo Prato 150g Galbani | D85: 7891097105739
B86: 1.1.01.03 | C86: Queijo Prato 150g Piracanjuba | D86: 7898215150657
B87: 1.1.01.03 | C87: Queijo Prato 150g President | D87: 7898955617519
A88: Manteiga (500g)
B89: 1.1.01.04 | C89: Manteiga 500g Davaca | D89: 7897318572816
B90: 1.1.01.04 | C90: Manteiga 500g Conleite | D90: 7898129140034
B91: 1.1.01.04 | C91: Manteiga 500g Verona | D91: 7897717900135
B92: 1.1.01.04 | C92: Manteiga 500g Natville | D92: 7898387120083
B93: 1.1.01.04 | C93: Manteiga 500g Piracanjuba | D93: 7898215151319
A94: Óleo 1.1.06
A95: Óleo (900 ml)
B96: 1.1.06.01 | C96: Óleo de Soja 900ml garrafa Soya | D96: 7891107101621
B97: 1.1.06.01 | C97: Óleo de Soja 900ml garrafa Liza | D97: 7896036090244
B98: 1.1.06.01 | C98: Óleo de Soja 900ml garrafa Sinhá | D98: 7892300030060
B99: 1.1.06.01 | C99: Óleo de Soja 900ml garrafa Concórdia | D99: 7898247780075
B100: 1.1.06.01 | C100: Óleo de Soja 900ml garrafa Primor | D100: 7891080803673
A101: Pão Francês 1.1.04
B102: 1.1.04.01 | C102: Pão Francês (1 kg) | D102: PÃO FRANCÊS
...

Sheet M11
A2: QUESTIONÁRIO DE COLETA DE PREÇOS
A3: DATA: | B3: =IFERROR(Calendário!H14,"") -> 46279 | C3: ESTABELECIMENTO: | D3: =Calendário!C14 -> Sendas Distribuidora S/A (Assaí Atacadista)
A4: SEMANA: | B4: =IFERROR(Calendário!E14,"") -> 2 | C4: PESQUISADOR: | D4: =IFERROR(IF(Calendário!I14=0,"",Calendário!I14),"") -> Mécia
A5: HORA: | C5: CRÍTICA: | D5: =IFERROR(IF(Calendário!J14=0,"",Calendário!J14),"") -> Mateus
A7: ITEM/PRODUTO | B7: CÓDIGO DO PRODUTO | C7: MARCAS DO PRODUTO | D7: CÓD. BARRAS PdH | E7: PREÇO
A8: Açúcar 1.1.05
A9: Açucar (1Kg)
B10: 1.1.05.01 | C10: Açucar Cristal Vida 1Kg | D10: 7898920795044
B11: 1.1.05.01 | C11: Açucar Cristal Coceal 1Kg | D11: 7898292530038
B12: 1.1.05.01 | C12: Açúcar Cristal Vale Bahia 1Kg | D12: 7898968872011
B13: 1.1.05.01 | C13: Açucar Cristal Dona Mira 1Kg | D13: 7898964714070
B14: 1.1.05.01 | C14: Açucar Cristal Baiano 1Kg | D14: 7898920795259
A15: Arroz 1.2.03
A16: Arroz Parboilizado (1Kg)
B17: 1.2.03.01 | C17: Arroz Parboilizado Urbano 1Kg | D17: 7896038306053
B18: 1.2.03.01 | C18: Arroz Parboilizado Tio João 1Kg | D18: 7893500018469
B19: 1.2.03.01 | C19: Arroz Parboilizado Fazenda 1Kg | D19: 7896389600107
B20: 1.2.03.01 | C20: Arroz Parboilizado Tia Maria 1Kg | D20: 609963230297
B21: 1.2.03.01 | C21: Arroz Parboilizado Camil 1Kg | D21: 7896006716112
A22: Frutas 1.3.02
B23: 1.3.02.01 | C23: Banana da Prata (1 Kg) | D23: BANANA PRATA
B24: 1.3.02.02 | C24: Maça Nacional Vermelha (1 Kg) | D24: MAÇA NACIONAL
A25: Café 1.1.03
A26: Café (250g)
B27: 1.1.03.01 | C27: Café Torrado e Moído Tradicional 250g Bahia a Vácuo | D27: 7898017920199
B28: 1.1.03.01 | C28: Café Torrado e Moído Tradicional 250g Pilão a Vácuo | D28: 7896089012637
B29: 1.1.03.01 | C29: Café Torrado e Moído Tradicional 250g 3 Corações a Vácuo | D29: 7896005800362
B30: 1.1.03.01 | C30: Café Torrado e Moído Tradicional 250g Mellita a Vácuo | D30: 7891021006071
B31: 1.1.03.01 | C31: Café Torrado e Moído Tradicional 250g Maratá a Vácuo | D31: 7898286200039
A32: Carnes, ovos e embutidos 1.2.01
B33: 1.2.01.01 | C33: Carne Acém (1 kg) | D33: CARNE ACÉM
B34: 1.2.01.02 | C34: Carne Alcatra (1 kg) | D34: CARNE ALCATRA
B35: 1.2.01.03 | C35: Charque - Dianteira ou Ponta de Agulha (1Kg) | D35: CHARQUE
B36: 1.2.01.04 | C36: Frango Inteiro Congelado (1 kg) | D36: FRANGO INTEIRO
B37: 1.2.01.06 | C37: Ovos Brancos (Unid.) | D37: OVOS BRANCOS
A38: Linguiça Calabresa (400g)
B39: 1.2.01.05 | C39: Linguiça Calabresa 400g Sadia | D39: 7891515620981
B40: 1.2.01.05 | C40: Linguiça Calabresa 400g Perdigao | D40: 7891515977511
B41: 1.2.01.05 | C41: Linguiça Calabresa 400g Seara | D41: 7894904009862
B42: 1.2.01.05 | C42: Linguiça Calabresa 400g Pamplona | D42: 7896716301271
B43: 1.2.01.05 | C43: Linguiça Calabresa 400g Aurora | D43: 7891164005832
A44: Farinhas e Massas 1.1.02
A45: Farinha de Mandioca (1Kg)
B46: 1.1.02.01 | C46: Farinha de Mandioca Branca 1Kg São João | D46: 7898357410022
B47: 1.1.02.01 | C47: Farinha de Mandioca Branca 1Kg São Miguel | D47: 7898031690030
B48: 1.1.02.01 | C48: Farinha de Mandioca Amarela 1Kg São João | D48: 7898357410015
B49: 1.1.02.01 | C49: Farinha de Mandioca Amarela 1Kg São Miguel | D49: 7898031690023
A50: Farinha de Milho (500g)
B51: 1.1.02.02 | C51: Farinha de Milho 500g Coringa | D51: 7896481130137
B52: 1.1.02.02 | C52: Farinha de Milho 500g Maratá | D52: 7898932426042
B53: 1.1.02.02 | C53: Farinha de Milho 500g Dona Clara | D53: 7896490288775
B54: 1.1.02.02 | C54: Farinha de Milho 500g Vitamilho | D54: 7898366930023
B55: 1.1.02.02 | C55: Farinha de Milho 500g Bahia | D55: 7898097320018
A56: Macarrão Espaguete (500g)
B57: 1.1.02.03 | C57: Macarrão Espaguete Ovos 500g Brandini | D57: 7896005213193
B58: 1.1.02.03 | C58: Macarrão Espaguete Ovos 500g Dona Benta | D58: 7896005286579
B59: 1.1.02.03 | C59: Macarrão Espaguete Ovos 500g Santa Amália | D59: 7896021300044
B60: 1.1.02.03 | C60: Macarrão Espaguete Ovos 500g Paulista | D60: 7896763621001
B61: 1.1.02.03 | C61: Macarrão Espaguete Ovos 500g Petybon | D61: 7897721410002
A62: Feijão Carioca 1.2.02.01
A63: Feijão Carioca (1 kg)
B64: 1.2.02.01 | C64: Feijão Carioca 1Kg Vida | D64: 7898920795051
B65: 1.2.02.01 | C65: Feijão Carioca 1Kg Kicaldo | D65: 7896116900029
B66: 1.2.02.01 | C66: Feijão Carioca 1Kg Dona Alice | D66: 7898903143015
B67: 1.2.02.01 | C67: Feijão Carioca 1Kg Padim | D67: 7898902334018
B68: 1.2.02.01 | C68: Feijão Carioca 1Kg Ki Sabor | D68: 7898930231037
A69: Leite e Derivados 1.1.01
A70: Leite Pasteurizado (1 lt)
B71: 1.1.01.01 | C71: Leite UHT Integral caixa 1L Piracanjuba | D71: 7898215151708
B72: 1.1.01.01 | C72: Leite UHT Integral caixa 1L Betania | D72: 7898403782387
B73: 1.1.01.01 | C73: Leite UHT Integral caixa 1L Damare | D73: 7898945133203
B74: 1.1.01.01 | C74: Leite Pasteurizado Integral saco tipo C 1L Vitória | D74: 7898168390018
B75: 1.1.01.01 | C75: Leite Pasteurizado Integral saco tipo C 1L Conquista | D75: 7897856400091
A76: Queijo Mussarela (150g)
B77: 1.1.01.02 | C77: Queijo Mussarela 150g Davaca | D77: 7897318572823
B78: 1.1.01.02 | C78: Queijo Mussarela 150g Sadia | D78: 7891515591939
B79: 1.1.01.02 | C79: Queijo Mussarela 150g President | D79: 7898955617526
B80: 1.1.01.02 | C80: Queijo Mussarela 150g Galbani | D80: 7891097105739
B81: 1.1.01.02 | C81: Queijo Mussarela 150g Piracanjuba | D81: 7898215150282
A82: Queijo Prato (150g)
B83: 1.1.01.03 | C83: Queijo Prato 150g Davaca | D83: 7897318572830
B84: 1.1.01.03 | C84: Queijo Prato 150g Sadia | D84: 7891515592080
B85: 1.1.01.03 | C85: Queijo Prato 150g Galbani | D85: 7891097105739
B86: 1.1.01.03 | C86: Queijo Prato 150g Piracanjuba | D86: 7898215150657
B87: 1.1.01.03 | C87: Queijo Prato 150g President | D87: 7898955617519
A88: Manteiga (500g)
B89: 1.1.01.04 | C89: Manteiga 500g Davaca | D89: 7897318572816
B90: 1.1.01.04 | C90: Manteiga 500g Conleite | D90: 7898129140034
B91: 1.1.01.04 | C91: Manteiga 500g Verona | D91: 7897717900135
B92: 1.1.01.04 | C92: Manteiga 500g Natville | D92: 7898387120083
B93: 1.1.01.04 | C93: Manteiga 500g Piracanjuba | D93: 7898215151319
A94: Óleo 1.1.06
A95: Óleo (900 ml)
B96: 1.1.06.01 | C96: Óleo de Soja 900ml garrafa Soya | D96: 7891107101621
B97: 1.1.06.01 | C97: Óleo de Soja 900ml garrafa Liza | D97: 7896036090244
B98: 1.1.06.01 | C98: Óleo de Soja 900ml garrafa Sinhá | D98: 7892300030060
B99: 1.1.06.01 | C99: Óleo de Soja 900ml garrafa Concórdia | D99: 7898247780075
B100: 1.1.06.01 | C100: Óleo de Soja 900ml garrafa Primor | D100: 7891080803673
A101: Pão Francês 1.1.04
B102: 1.1.04.01 | C102: Pão Francês (1 kg) | D102: PÃO FRANCÊS
...

Sheet M12
A2: QUESTIONÁRIO DE COLETA DE PREÇOS
A3: DATA: | B3: =IFERROR(Calendário!H15,"") -> 46279 | C3: ESTABELECIMENTO: | D3: =Calendário!C15 -> Supermercado Sampaio
A4: SEMANA: | B4: =IFERROR(Calendário!E15,"") -> 2 | C4: PESQUISADOR: | D4: =IFERROR(IF(Calendário!I15=0,"",Calendário!I15),"") -> Mécia
A5: HORA: | C5: CRÍTICA: | D5: =IFERROR(IF(Calendário!J15=0,"",Calendário!J15),"") -> Mateus
A7: ITEM/PRODUTO | B7: CÓDIGO DO PRODUTO | C7: MARCAS DO PRODUTO | D7: CÓD. BARRAS PdH | E7: PREÇO
A8: Açúcar 1.1.05
A9: Açucar (1Kg)
B10: 1.1.05.01 | C10: Açucar Cristal Vida 1Kg | D10: 7898920795044
B11: 1.1.05.01 | C11: Açucar Cristal Coceal 1Kg | D11: 7898292530038
B12: 1.1.05.01 | C12: Açúcar Cristal Vale Bahia 1Kg | D12: 7898968872011
B13: 1.1.05.01 | C13: Açucar Cristal Dona Mira 1Kg | D13: 7898964714070
B14: 1.1.05.01 | C14: Açucar Cristal Baiano 1Kg | D14: 7898920795259
A15: Arroz 1.2.03
A16: Arroz Parboilizado (1Kg)
B17: 1.2.03.01 | C17: Arroz Parboilizado Urbano 1Kg | D17: 7896038306053
B18: 1.2.03.01 | C18: Arroz Parboilizado Tio João 1Kg | D18: 7893500018469
B19: 1.2.03.01 | C19: Arroz Parboilizado Fazenda 1Kg | D19: 7896389600107
B20: 1.2.03.01 | C20: Arroz Parboilizado Tia Maria 1Kg | D20: 609963230297
B21: 1.2.03.01 | C21: Arroz Parboilizado Camil 1Kg | D21: 7896006716112
A22: Frutas 1.3.02
B23: 1.3.02.01 | C23: Banana da Prata (1 Kg) | D23: BANANA PRATA
B24: 1.3.02.02 | C24: Maça Nacional Vermelha (1 Kg) | D24: MAÇA NACIONAL
A25: Café 1.1.03
A26: Café (250g)
B27: 1.1.03.01 | C27: Café Torrado e Moído Tradicional 250g Bahia a Vácuo | D27: 7898017920199
B28: 1.1.03.01 | C28: Café Torrado e Moído Tradicional 250g Pilão a Vácuo | D28: 7896089012637
B29: 1.1.03.01 | C29: Café Torrado e Moído Tradicional 250g 3 Corações a Vácuo | D29: 7896005800362
B30: 1.1.03.01 | C30: Café Torrado e Moído Tradicional 250g Mellita a Vácuo | D30: 7891021006071
B31: 1.1.03.01 | C31: Café Torrado e Moído Tradicional 250g Maratá a Vácuo | D31: 7898286200039
A32: Carnes, ovos e embutidos 1.2.01
B33: 1.2.01.01 | C33: Carne Acém (1 kg) | D33: CARNE ACÉM
B34: 1.2.01.02 | C34: Carne Alcatra (1 kg) | D34: CARNE ALCATRA
B35: 1.2.01.03 | C35: Charque - Dianteira ou Ponta de Agulha (1Kg) | D35: CHARQUE
B36: 1.2.01.04 | C36: Frango Inteiro Congelado (1 kg) | D36: FRANGO INTEIRO
B37: 1.2.01.06 | C37: Ovos Brancos (Unid.) | D37: OVOS BRANCOS
A38: Linguiça Calabresa (400g)
B39: 1.2.01.05 | C39: Linguiça Calabresa 400g Sadia | D39: 7891515620981
B40: 1.2.01.05 | C40: Linguiça Calabresa 400g Perdigao | D40: 7891515977511
B41: 1.2.01.05 | C41: Linguiça Calabresa 400g Seara | D41: 7894904009862
B42: 1.2.01.05 | C42: Linguiça Calabresa 400g Pamplona | D42: 7896716301271
B43: 1.2.01.05 | C43: Linguiça Calabresa 400g Aurora | D43: 7891164005832
A44: Farinhas e Massas 1.1.02
A45: Farinha de Mandioca (1Kg)
B46: 1.1.02.01 | C46: Farinha de Mandioca Branca 1Kg São João | D46: 7898357410022
B47: 1.1.02.01 | C47: Farinha de Mandioca Branca 1Kg São Miguel | D47: 7898031690030
B48: 1.1.02.01 | C48: Farinha de Mandioca Amarela 1Kg São João | D48: 7898357410015
B49: 1.1.02.01 | C49: Farinha de Mandioca Amarela 1Kg São Miguel | D49: 7898031690023
A50: Farinha de Milho (500g)
B51: 1.1.02.02 | C51: Farinha de Milho 500g Coringa | D51: 7896481130137
B52: 1.1.02.02 | C52: Farinha de Milho 500g Maratá | D52: 7898932426042
B53: 1.1.02.02 | C53: Farinha de Milho 500g Dona Clara | D53: 7896490288775
B54: 1.1.02.02 | C54: Farinha de Milho 500g Vitamilho | D54: 7898366930023
B55: 1.1.02.02 | C55: Farinha de Milho 500g Bahia | D55: 7898097320018
A56: Macarrão Espaguete (500g)
B57: 1.1.02.03 | C57: Macarrão Espaguete Ovos 500g Brandini | D57: 7896005213193
B58: 1.1.02.03 | C58: Macarrão Espaguete Ovos 500g Dona Benta | D58: 7896005286579
B59: 1.1.02.03 | C59: Macarrão Espaguete Ovos 500g Santa Amália | D59: 7896021300044
B60: 1.1.02.03 | C60: Macarrão Espaguete Ovos 500g Paulista | D60: 7896763621001
B61: 1.1.02.03 | C61: Macarrão Espaguete Ovos 500g Petybon | D61: 7897721410002
A62: Feijão Carioca 1.2.02.01
A63: Feijão Carioca (1 kg)
B64: 1.2.02.01 | C64: Feijão Carioca 1Kg Vida | D64: 7898920795051
B65: 1.2.02.01 | C65: Feijão Carioca 1Kg Kicaldo | D65: 7896116900029
B66: 1.2.02.01 | C66: Feijão Carioca 1Kg Dona Alice | D66: 7898903143015
B67: 1.2.02.01 | C67: Feijão Carioca 1Kg Padim | D67: 7898902334018
B68: 1.2.02.01 | C68: Feijão Carioca 1Kg Ki Sabor | D68: 7898930231037
A69: Leite e Derivados 1.1.01
A70: Leite Pasteurizado (1 lt)
B71: 1.1.01.01 | C71: Leite UHT Integral caixa 1L Piracanjuba | D71: 7898215151708
B72: 1.1.01.01 | C72: Leite UHT Integral caixa 1L Betania | D72: 7898403782387
B73: 1.1.01.01 | C73: Leite UHT Integral caixa 1L Damare | D73: 7898945133203
B74: 1.1.01.01 | C74: Leite Pasteurizado Integral saco tipo C 1L Vitória | D74: 7898168390018
B75: 1.1.01.01 | C75: Leite Pasteurizado Integral saco tipo C 1L Conquista | D75: 7897856400091
A76: Queijo Mussarela (150g)
B77: 1.1.01.02 | C77: Queijo Mussarela 150g Davaca | D77: 7897318572823
B78: 1.1.01.02 | C78: Queijo Mussarela 150g Sadia | D78: 7891515591939
B79: 1.1.01.02 | C79: Queijo Mussarela 150g President | D79: 7898955617526
B80: 1.1.01.02 | C80: Queijo Mussarela 150g Galbani | D80: 7891097105739
B81: 1.1.01.02 | C81: Queijo Mussarela 150g Piracanjuba | D81: 7898215150282
A82: Queijo Prato (150g)
B83: 1.1.01.03 | C83: Queijo Prato 150g Davaca | D83: 7897318572830
B84: 1.1.01.03 | C84: Queijo Prato 150g Sadia | D84: 7891515592080
B85: 1.1.01.03 | C85: Queijo Prato 150g Galbani | D85: 7891097105739
B86: 1.1.01.03 | C86: Queijo Prato 150g Piracanjuba | D86: 7898215150657
B87: 1.1.01.03 | C87: Queijo Prato 150g President | D87: 7898955617519
A88: Manteiga (500g)
B89: 1.1.01.04 | C89: Manteiga 500g Davaca | D89: 7897318572816
B90: 1.1.01.04 | C90: Manteiga 500g Conleite | D90: 7898129140034
B91: 1.1.01.04 | C91: Manteiga 500g Verona | D91: 7897717900135
B92: 1.1.01.04 | C92: Manteiga 500g Natville | D92: 7898387120083
B93: 1.1.01.04 | C93: Manteiga 500g Piracanjuba | D93: 7898215151319
A94: Óleo 1.1.06
A95: Óleo (900 ml)
B96: 1.1.06.01 | C96: Óleo de Soja 900ml garrafa Soya | D96: 7891107101621
B97: 1.1.06.01 | C97: Óleo de Soja 900ml garrafa Liza | D97: 7896036090244
B98: 1.1.06.01 | C98: Óleo de Soja 900ml garrafa Sinhá | D98: 7892300030060
B99: 1.1.06.01 | C99: Óleo de Soja 900ml garrafa Concórdia | D99: 7898247780075
B100: 1.1.06.01 | C100: Óleo de Soja 900ml garrafa Primor | D100: 7891080803673
A101: Pão Francês 1.1.04
B102: 1.1.04.01 | C102: Pão Francês (1 kg) | D102: PÃO FRANCÊS
...

Sheet M13
A2: QUESTIONÁRIO DE COLETA DE PREÇOS
A3: DATA: | B3: =IFERROR(Calendário!H16,"") -> 46280 | C3: ESTABELECIMENTO: | D3: =Calendário!C16 -> Atacadão (Brumado)
A4: SEMANA: | B4: =IFERROR(Calendário!E16,"") -> 2 | C4: PESQUISADOR: | D4: =IFERROR(IF(Calendário!I16=0,"",Calendário!I16),"") -> Darci
A5: HORA: | B5: 0.88541667 | C5: CRÍTICA: | D5: =IFERROR(IF(Calendário!J16=0,"",Calendário!J16),"") -> Carlos Eduardo
A7: ITEM/PRODUTO | B7: CÓDIGO DO PRODUTO | C7: MARCAS DO PRODUTO | D7: CÓD. BARRAS PdH | E7: PREÇO
A8: Açúcar 1.1.05
A9: Açucar (1Kg)
B10: 1.1.05.01 | C10: Açucar Cristal Vida 1Kg | D10: 7898920795044 | E10: x
B11: 1.1.05.01 | C11: Açucar Cristal Coceal 1Kg | D11: 7898292530038 | E11: x
B12: 1.1.05.01 | C12: Açúcar Cristal Vale Bahia 1Kg | D12: 7898968872011 | E12: 3.19
B13: 1.1.05.01 | C13: Açucar Cristal Dona Mira 1Kg | D13: 7898964714070 | E13: x
B14: 1.1.05.01 | C14: Açucar Cristal Baiano 1Kg | D14: 7898920795259 | E14: x
A15: Arroz 1.2.03
A16: Arroz Parboilizado (1Kg)
B17: 1.2.03.01 | C17: Arroz Parboilizado Urbano 1Kg | D17: 7896038306053 | E17: 4.99
B18: 1.2.03.01 | C18: Arroz Parboilizado Tio João 1Kg | D18: 7893500018469 | E18: 5.39
B19: 1.2.03.01 | C19: Arroz Parboilizado Fazenda 1Kg | D19: 7896389600107 | E19: x
B20: 1.2.03.01 | C20: Arroz Parboilizado Tia Maria 1Kg | D20: 609963230297 | E20: x
B21: 1.2.03.01 | C21: Arroz Parboilizado Camil 1Kg | D21: 7896006716112 | E21: 5.29
A22: Frutas 1.3.02
B23: 1.3.02.01 | C23: Banana da Prata (1 Kg) | D23: BANANA PRATA | E23: 5.99
B24: 1.3.02.02 | C24: Maça Nacional Vermelha (1 Kg) | D24: MAÇA NACIONAL | E24: x
A25: Café 1.1.03
A26: Café (250g)
B27: 1.1.03.01 | C27: Café Torrado e Moído Tradicional 250g Bahia a Vácuo | D27: 7898017920199 | E27: 13,,5
B28: 1.1.03.01 | C28: Café Torrado e Moído Tradicional 250g Pilão a Vácuo | D28: 7896089012637 | E28: 15.9
B29: 1.1.03.01 | C29: Café Torrado e Moído Tradicional 250g 3 Corações a Vácuo | D29: 7896005800362 | E29: 14.5
B30: 1.1.03.01 | C30: Café Torrado e Moído Tradicional 250g Mellita a Vácuo | D30: 7891021006071 | E30: 15.5
B31: 1.1.03.01 | C31: Café Torrado e Moído Tradicional 250g Maratá a Vácuo | D31: 7898286200039 | E31: 15.5
A32: Carnes, ovos e embutidos 1.2.01
B33: 1.2.01.01 | C33: Carne Acém (1 kg) | D33: CARNE ACÉM | E33: x
B34: 1.2.01.02 | C34: Carne Alcatra (1 kg) | D34: CARNE ALCATRA | E34: x
B35: 1.2.01.03 | C35: Charque - Dianteira ou Ponta de Agulha (1Kg) | D35: CHARQUE | E35: 32.9
B36: 1.2.01.04 | C36: Frango Inteiro Congelado (1 kg) | D36: FRANGO INTEIRO | E36: x
B37: 1.2.01.06 | C37: Ovos Brancos (Unid.) | D37: OVOS BRANCOS | E37: x
A38: Linguiça Calabresa (400g)
B39: 1.2.01.05 | C39: Linguiça Calabresa 400g Sadia | D39: 7891515620981 | E39: 9.99
B40: 1.2.01.05 | C40: Linguiça Calabresa 400g Perdigao | D40: 7891515977511 | E40: 14.9
B41: 1.2.01.05 | C41: Linguiça Calabresa 400g Seara | D41: 7894904009862 | E41: x
B42: 1.2.01.05 | C42: Linguiça Calabresa 400g Pamplona | D42: 7896716301271 | E42: 13.89
B43: 1.2.01.05 | C43: Linguiça Calabresa 400g Aurora | D43: 7891164005832 | E43: x
A44: Farinhas e Massas 1.1.02
A45: Farinha de Mandioca (1Kg)
B46: 1.1.02.01 | C46: Farinha de Mandioca Branca 1Kg São João | D46: 7898357410022 | E46: x
B47: 1.1.02.01 | C47: Farinha de Mandioca Branca 1Kg São Miguel | D47: 7898031690030 | E47: x
B48: 1.1.02.01 | C48: Farinha de Mandioca Amarela 1Kg São João | D48: 7898357410015 | E48: x
B49: 1.1.02.01 | C49: Farinha de Mandioca Amarela 1Kg São Miguel | D49: 7898031690023 | E49: x
A50: Farinha de Milho (500g)
B51: 1.1.02.02 | C51: Farinha de Milho 500g Coringa | D51: 7896481130137 | E51: 2.19
B52: 1.1.02.02 | C52: Farinha de Milho 500g Maratá | D52: 7898932426042 | E52: 1.79
B53: 1.1.02.02 | C53: Farinha de Milho 500g Dona Clara | D53: 7896490288775 | E53: x
B54: 1.1.02.02 | C54: Farinha de Milho 500g Vitamilho | D54: 7898366930023 | E54: x
B55: 1.1.02.02 | C55: Farinha de Milho 500g Bahia | D55: 7898097320018 | E55: x
A56: Macarrão Espaguete (500g)
B57: 1.1.02.03 | C57: Macarrão Espaguete Ovos 500g Brandini | D57: 7896005213193 | E57: x
B58: 1.1.02.03 | C58: Macarrão Espaguete Ovos 500g Dona Benta | D58: 7896005286579 | E58: 4.49
B59: 1.1.02.03 | C59: Macarrão Espaguete Ovos 500g Santa Amália | D59: 7896021300044 | E59: x
B60: 1.1.02.03 | C60: Macarrão Espaguete Ovos 500g Paulista | D60: 7896763621001 | E60: x
B61: 1.1.02.03 | C61: Macarrão Espaguete Ovos 500g Petybon | D61: 7897721410002 | E61: 4.99
A62: Feijão Carioca 1.2.02.01
A63: Feijão Carioca (1 kg)
B64: 1.2.02.01 | C64: Feijão Carioca 1Kg Vida | D64: 7898920795051 | E64: x
B65: 1.2.02.01 | C65: Feijão Carioca 1Kg Kicaldo | D65: 7896116900029 | E65: 8.99
B66: 1.2.02.01 | C66: Feijão Carioca 1Kg Dona Alice | D66: 7898903143015 | E66: x
B67: 1.2.02.01 | C67: Feijão Carioca 1Kg Padim | D67: 7898902334018 | E67: 8.49
B68: 1.2.02.01 | C68: Feijão Carioca 1Kg Ki Sabor | D68: 7898930231037 | E68: x
A69: Leite e Derivados 1.1.01
A70: Leite Pasteurizado (1 lt)
B71: 1.1.01.01 | C71: Leite UHT Integral caixa 1L Piracanjuba | D71: 7898215151708 | E71: 8.29
B72: 1.1.01.01 | C72: Leite UHT Integral caixa 1L Betania | D72: 7898403782387 | E72: 6.99
B73: 1.1.01.01 | C73: Leite UHT Integral caixa 1L Damare | D73: 7898945133203 | E73: 6.79
B74: 1.1.01.01 | C74: Leite Pasteurizado Integral saco tipo C 1L Vitória | D74: 7898168390018 | E74: x
B75: 1.1.01.01 | C75: Leite Pasteurizado Integral saco tipo C 1L Conquista | D75: 7897856400091 | E75: x
A76: Queijo Mussarela (150g)
B77: 1.1.01.02 | C77: Queijo Mussarela 150g Davaca | D77: 7897318572823 | E77: 8.45
B78: 1.1.01.02 | C78: Queijo Mussarela 150g Sadia | D78: 7891515591939 | E78: x
B79: 1.1.01.02 | C79: Queijo Mussarela 150g President | D79: 7898955617526 | E79: 9.9
B80: 1.1.01.02 | C80: Queijo Mussarela 150g Galbani | D80: 7891097105739 | E80: x
B81: 1.1.01.02 | C81: Queijo Mussarela 150g Piracanjuba | D81: 7898215150282 | E81: x
A82: Queijo Prato (150g)
B83: 1.1.01.03 | C83: Queijo Prato 150g Davaca | D83: 7897318572830 | E83: 9.99
B84: 1.1.01.03 | C84: Queijo Prato 150g Sadia | D84: 7891515592080 | E84: x
B85: 1.1.01.03 | C85: Queijo Prato 150g Galbani | D85: 7891097105739 | E85: x
B86: 1.1.01.03 | C86: Queijo Prato 150g Piracanjuba | D86: 7898215150657 | E86: 9.99
B87: 1.1.01.03 | C87: Queijo Prato 150g President | D87: 7898955617519 | E87: 9.9
A88: Manteiga (500g)
B89: 1.1.01.04 | C89: Manteiga 500g Davaca | D89: 7897318572816 | E89: 24.9
B90: 1.1.01.04 | C90: Manteiga 500g Conleite | D90: 7898129140034 | E90: x
B91: 1.1.01.04 | C91: Manteiga 500g Verona | D91: 7897717900135 | E91: x
B92: 1.1.01.04 | C92: Manteiga 500g Natville | D92: 7898387120083 | E92: x
B93: 1.1.01.04 | C93: Manteiga 500g Piracanjuba | D93: 7898215151319 | E93: 25.9
A94: Óleo 1.1.06
A95: Óleo (900 ml)
B96: 1.1.06.01 | C96: Óleo de Soja 900ml garrafa Soya | D96: 7891107101621 | E96: 7.99
B97: 1.1.06.01 | C97: Óleo de Soja 900ml garrafa Liza | D97: 7896036090244 | E97: 7.79
B98: 1.1.06.01 | C98: Óleo de Soja 900ml garrafa Sinhá | D98: 7892300030060 | E98: x
B99: 1.1.06.01 | C99: Óleo de Soja 900ml garrafa Concórdia | D99: 7898247780075 | E99: x
B100: 1.1.06.01 | C100: Óleo de Soja 900ml garrafa Primor | D100: 7891080803673 | E100: x
A101: Pão Francês 1.1.04
B102: 1.1.04.01 | C102: Pão Francês (1 kg) | D102: PÃO FRANCÊS | E102: x
...

Sheet M14
A2: QUESTIONÁRIO DE COLETA DE PREÇOS
A3: DATA: | B3: =IFERROR(Calendário!H17,"") -> 46280 | C3: ESTABELECIMENTO: | D3: =Calendário!C17 -> Supermercado Central Ipanema
A4: SEMANA: | B4: =IFERROR(Calendário!E17,"") -> 2 | C4: PESQUISADOR: | D4: =IFERROR(IF(Calendário!I17=0,"",Calendário!I17),"") -> Darci
A5: HORA: | B5: 0.88541667 | C5: CRÍTICA: | D5: =IFERROR(IF(Calendário!J17=0,"",Calendário!J17),"") -> Carlos Eduardo
A7: ITEM/PRODUTO | B7: CÓDIGO DO PRODUTO | C7: MARCAS DO PRODUTO | D7: CÓD. BARRAS PdH | E7: PREÇO
A8: Açúcar 1.1.05
A9: Açucar (1Kg)
B10: 1.1.05.01 | C10: Açucar Cristal Vida 1Kg | D10: 7898920795044 | E10: x
B11: 1.1.05.01 | C11: Açucar Cristal Coceal 1Kg | D11: 7898292530038 | E11: 4.39
B12: 1.1.05.01 | C12: Açúcar Cristal Vale Bahia 1Kg | D12: 7898968872011 | E12: x
B13: 1.1.05.01 | C13: Açucar Cristal Dona Mira 1Kg | D13: 7898964714070 | E13: x
B14: 1.1.05.01 | C14: Açucar Cristal Baiano 1Kg | D14: 7898920795259 | E14: x
A15: Arroz 1.2.03
A16: Arroz Parboilizado (1Kg)
B17: 1.2.03.01 | C17: Arroz Parboilizado Urbano 1Kg | D17: 7896038306053 | E17: x
B18: 1.2.03.01 | C18: Arroz Parboilizado Tio João 1Kg | D18: 7893500018469 | E18: x
B19: 1.2.03.01 | C19: Arroz Parboilizado Fazenda 1Kg | D19: 7896389600107 | E19: x
B20: 1.2.03.01 | C20: Arroz Parboilizado Tia Maria 1Kg | D20: 609963230297 | E20: x
B21: 1.2.03.01 | C21: Arroz Parboilizado Camil 1Kg | D21: 7896006716112 | E21: x
A22: Frutas 1.3.02
B23: 1.3.02.01 | C23: Banana da Prata (1 Kg) | D23: BANANA PRATA | E23: 6.75
B24: 1.3.02.02 | C24: Maça Nacional Vermelha (1 Kg) | D24: MAÇA NACIONAL | E24: x
A25: Café 1.1.03
A26: Café (250g)
B27: 1.1.03.01 | C27: Café Torrado e Moído Tradicional 250g Bahia a Vácuo | D27: 7898017920199 | E27: x
B28: 1.1.03.01 | C28: Café Torrado e Moído Tradicional 250g Pilão a Vácuo | D28: 7896089012637 | E28: x
B29: 1.1.03.01 | C29: Café Torrado e Moído Tradicional 250g 3 Corações a Vácuo | D29: 7896005800362 | E29: x
B30: 1.1.03.01 | C30: Café Torrado e Moído Tradicional 250g Mellita a Vácuo | D30: 7891021006071 | E30: x
B31: 1.1.03.01 | C31: Café Torrado e Moído Tradicional 250g Maratá a Vácuo | D31: 7898286200039 | E31: x
A32: Carnes, ovos e embutidos 1.2.01
B33: 1.2.01.01 | C33: Carne Acém (1 kg) | D33: CARNE ACÉM | E33: x
B34: 1.2.01.02 | C34: Carne Alcatra (1 kg) | D34: CARNE ALCATRA | E34: x
B35: 1.2.01.03 | C35: Charque - Dianteira ou Ponta de Agulha (1Kg) | D35: CHARQUE | E35: x
B36: 1.2.01.04 | C36: Frango Inteiro Congelado (1 kg) | D36: FRANGO INTEIRO | E36: x
B37: 1.2.01.06 | C37: Ovos Brancos (Unid.) | D37: OVOS BRANCOS | E37: x
A38: Linguiça Calabresa (400g)
B39: 1.2.01.05 | C39: Linguiça Calabresa 400g Sadia | D39: 7891515620981 | E39: x
B40: 1.2.01.05 | C40: Linguiça Calabresa 400g Perdigao | D40: 7891515977511 | E40: x
B41: 1.2.01.05 | C41: Linguiça Calabresa 400g Seara | D41: 7894904009862 | E41: x
B42: 1.2.01.05 | C42: Linguiça Calabresa 400g Pamplona | D42: 7896716301271 | E42: x
B43: 1.2.01.05 | C43: Linguiça Calabresa 400g Aurora | D43: 7891164005832 | E43: x
A44: Farinhas e Massas 1.1.02
A45: Farinha de Mandioca (1Kg)
B46: 1.1.02.01 | C46: Farinha de Mandioca Branca 1Kg São João | D46: 7898357410022 | E46: x
B47: 1.1.02.01 | C47: Farinha de Mandioca Branca 1Kg São Miguel | D47: 7898031690030 | E47: x
B48: 1.1.02.01 | C48: Farinha de Mandioca Amarela 1Kg São João | D48: 7898357410015 | E48: x
B49: 1.1.02.01 | C49: Farinha de Mandioca Amarela 1Kg São Miguel | D49: 7898031690023 | E49: 11.75
A50: Farinha de Milho (500g)
B51: 1.1.02.02 | C51: Farinha de Milho 500g Coringa | D51: 7896481130137 | E51: 2.69
B52: 1.1.02.02 | C52: Farinha de Milho 500g Maratá | D52: 7898932426042 | E52: x
B53: 1.1.02.02 | C53: Farinha de Milho 500g Dona Clara | D53: 7896490288775 | E53: x
B54: 1.1.02.02 | C54: Farinha de Milho 500g Vitamilho | D54: 7898366930023 | E54: 2.25
B55: 1.1.02.02 | C55: Farinha de Milho 500g Bahia | D55: 7898097320018 | E55: x
A56: Macarrão Espaguete (500g)
B57: 1.1.02.03 | C57: Macarrão Espaguete Ovos 500g Brandini | D57: 7896005213193 | E57: x
B58: 1.1.02.03 | C58: Macarrão Espaguete Ovos 500g Dona Benta | D58: 7896005286579 | E58: x
B59: 1.1.02.03 | C59: Macarrão Espaguete Ovos 500g Santa Amália | D59: 7896021300044 | E59: x
B60: 1.1.02.03 | C60: Macarrão Espaguete Ovos 500g Paulista | D60: 7896763621001 | E60: x
B61: 1.1.02.03 | C61: Macarrão Espaguete Ovos 500g Petybon | D61: 7897721410002 | E61: x
A62: Feijão Carioca 1.2.02.01
A63: Feijão Carioca (1 kg)
B64: 1.2.02.01 | C64: Feijão Carioca 1Kg Vida | D64: 7898920795051 | E64: x
B65: 1.2.02.01 | C65: Feijão Carioca 1Kg Kicaldo | D65: 7896116900029 | E65: x
B66: 1.2.02.01 | C66: Feijão Carioca 1Kg Dona Alice | D66: 7898903143015 | E66: x
B67: 1.2.02.01 | C67: Feijão Carioca 1Kg Padim | D67: 7898902334018 | E67: x
B68: 1.2.02.01 | C68: Feijão Carioca 1Kg Ki Sabor | D68: 7898930231037 | E68: x
A69: Leite e Derivados 1.1.01
A70: Leite Pasteurizado (1 lt)
B71: 1.1.01.01 | C71: Leite UHT Integral caixa 1L Piracanjuba | D71: 7898215151708 | E71: x
B72: 1.1.01.01 | C72: Leite UHT Integral caixa 1L Betania | D72: 7898403782387 | E72: 7.89
B73: 1.1.01.01 | C73: Leite UHT Integral caixa 1L Damare | D73: 7898945133203 | E73: x
B74: 1.1.01.01 | C74: Leite Pasteurizado Integral saco tipo C 1L Vitória | D74: 7898168390018 | E74: x
B75: 1.1.01.01 | C75: Leite Pasteurizado Integral saco tipo C 1L Conquista | D75: 7897856400091 | E75: x
A76: Queijo Mussarela (150g)
B77: 1.1.01.02 | C77: Queijo Mussarela 150g Davaca | D77: 7897318572823 | E77: x
B78: 1.1.01.02 | C78: Queijo Mussarela 150g Sadia | D78: 7891515591939 | E78: x
B79: 1.1.01.02 | C79: Queijo Mussarela 150g President | D79: 7898955617526 | E79: x
B80: 1.1.01.02 | C80: Queijo Mussarela 150g Galbani | D80: 7891097105739 | E80: x
B81: 1.1.01.02 | C81: Queijo Mussarela 150g Piracanjuba | D81: 7898215150282 | E81: x
A82: Queijo Prato (150g)
B83: 1.1.01.03 | C83: Queijo Prato 150g Davaca | D83: 7897318572830 | E83: x
B84: 1.1.01.03 | C84: Queijo Prato 150g Sadia | D84: 7891515592080 | E84: x
B85: 1.1.01.03 | C85: Queijo Prato 150g Galbani | D85: 7891097105739 | E85: x
B86: 1.1.01.03 | C86: Queijo Prato 150g Piracanjuba | D86: 7898215150657 | E86: x
B87: 1.1.01.03 | C87: Queijo Prato 150g President | D87: 7898955617519 | E87: x
A88: Manteiga (500g)
B89: 1.1.01.04 | C89: Manteiga 500g Davaca | D89: 7897318572816 | E89: x
B90: 1.1.01.04 | C90: Manteiga 500g Conleite | D90: 7898129140034 | E90: x
B91: 1.1.01.04 | C91: Manteiga 500g Verona | D91: 7897717900135 | E91: x
B92: 1.1.01.04 | C92: Manteiga 500g Natville | D92: 7898387120083 | E92: x
B93: 1.1.01.04 | C93: Manteiga 500g Piracanjuba | D93: 7898215151319 | E93: x
A94: Óleo 1.1.06
A95: Óleo (900 ml)
B96: 1.1.06.01 | C96: Óleo de Soja 900ml garrafa Soya | D96: 7891107101621 | E96: 8.99
B97: 1.1.06.01 | C97: Óleo de Soja 900ml garrafa Liza | D97: 7896036090244 | E97: x
B98: 1.1.06.01 | C98: Óleo de Soja 900ml garrafa Sinhá | D98: 7892300030060 | E98: x
B99: 1.1.06.01 | C99: Óleo de Soja 900ml garrafa Concórdia | D99: 7898247780075 | E99: x
B100: 1.1.06.01 | C100: Óleo de Soja 900ml garrafa Primor | D100: 7891080803673 | E100: x
A101: Pão Francês 1.1.04
B102: 1.1.04.01 | C102: Pão Francês (1 kg) | D102: PÃO FRANCÊS | E102: x
...

Sheet M15
A2: QUESTIONÁRIO DE COLETA DE PREÇOS
A3: DATA: | B3: =IFERROR(Calendário!H18,"") -> 46281 | C3: ESTABELECIMENTO: | D3: =Calendário!C18 -> Supermercados BH (Juracy)
A4: SEMANA: | B4: =IFERROR(Calendário!E18,"") -> 2 | C4: PESQUISADOR: | D4: =IFERROR(IF(Calendário!I18=0,"",Calendário!I18),"") -> Carlos Eduardo
A5: HORA: | C5: CRÍTICA: | D5: =IFERROR(IF(Calendário!J18=0,"",Calendário!J18),"") -> Igor
A7: ITEM/PRODUTO | B7: CÓDIGO DO PRODUTO | C7: MARCAS DO PRODUTO | D7: CÓD. BARRAS PdH | E7: PREÇO
A8: Açúcar 1.1.05
A9: Açucar (1Kg)
B10: 1.1.05.01 | C10: Açucar Cristal Vida 1Kg | D10: 7898920795044
B11: 1.1.05.01 | C11: Açucar Cristal Coceal 1Kg | D11: 7898292530038
B12: 1.1.05.01 | C12: Açúcar Cristal Vale Bahia 1Kg | D12: 7898968872011
B13: 1.1.05.01 | C13: Açucar Cristal Dona Mira 1Kg | D13: 7898964714070
B14: 1.1.05.01 | C14: Açucar Cristal Baiano 1Kg | D14: 7898920795259
A15: Arroz 1.2.03
A16: Arroz Parboilizado (1Kg)
B17: 1.2.03.01 | C17: Arroz Parboilizado Urbano 1Kg | D17: 7896038306053
B18: 1.2.03.01 | C18: Arroz Parboilizado Tio João 1Kg | D18: 7893500018469
B19: 1.2.03.01 | C19: Arroz Parboilizado Fazenda 1Kg | D19: 7896389600107
B20: 1.2.03.01 | C20: Arroz Parboilizado Tia Maria 1Kg | D20: 609963230297
B21: 1.2.03.01 | C21: Arroz Parboilizado Camil 1Kg | D21: 7896006716112
A22: Frutas 1.3.02
B23: 1.3.02.01 | C23: Banana da Prata (1 Kg) | D23: BANANA PRATA
B24: 1.3.02.02 | C24: Maça Nacional Vermelha (1 Kg) | D24: MAÇA NACIONAL
A25: Café 1.1.03
A26: Café (250g)
B27: 1.1.03.01 | C27: Café Torrado e Moído Tradicional 250g Bahia a Vácuo | D27: 7898017920199
B28: 1.1.03.01 | C28: Café Torrado e Moído Tradicional 250g Pilão a Vácuo | D28: 7896089012637
B29: 1.1.03.01 | C29: Café Torrado e Moído Tradicional 250g 3 Corações a Vácuo | D29: 7896005800362
B30: 1.1.03.01 | C30: Café Torrado e Moído Tradicional 250g Mellita a Vácuo | D30: 7891021006071
B31: 1.1.03.01 | C31: Café Torrado e Moído Tradicional 250g Maratá a Vácuo | D31: 7898286200039
A32: Carnes, ovos e embutidos 1.2.01
B33: 1.2.01.01 | C33: Carne Acém (1 kg) | D33: CARNE ACÉM
B34: 1.2.01.02 | C34: Carne Alcatra (1 kg) | D34: CARNE ALCATRA
B35: 1.2.01.03 | C35: Charque - Dianteira ou Ponta de Agulha (1Kg) | D35: CHARQUE
B36: 1.2.01.04 | C36: Frango Inteiro Congelado (1 kg) | D36: FRANGO INTEIRO
B37: 1.2.01.06 | C37: Ovos Brancos (Unid.) | D37: OVOS BRANCOS
A38: Linguiça Calabresa (400g)
B39: 1.2.01.05 | C39: Linguiça Calabresa 400g Sadia | D39: 7891515620981
B40: 1.2.01.05 | C40: Linguiça Calabresa 400g Perdigao | D40: 7891515977511
B41: 1.2.01.05 | C41: Linguiça Calabresa 400g Seara | D41: 7894904009862
B42: 1.2.01.05 | C42: Linguiça Calabresa 400g Pamplona | D42: 7896716301271
B43: 1.2.01.05 | C43: Linguiça Calabresa 400g Aurora | D43: 7891164005832
A44: Farinhas e Massas 1.1.02
A45: Farinha de Mandioca (1Kg)
B46: 1.1.02.01 | C46: Farinha de Mandioca Branca 1Kg São João | D46: 7898357410022
B47: 1.1.02.01 | C47: Farinha de Mandioca Branca 1Kg São Miguel | D47: 7898031690030
B48: 1.1.02.01 | C48: Farinha de Mandioca Amarela 1Kg São João | D48: 7898357410015
B49: 1.1.02.01 | C49: Farinha de Mandioca Amarela 1Kg São Miguel | D49: 7898031690023
A50: Farinha de Milho (500g)
B51: 1.1.02.02 | C51: Farinha de Milho 500g Coringa | D51: 7896481130137
B52: 1.1.02.02 | C52: Farinha de Milho 500g Maratá | D52: 7898932426042
B53: 1.1.02.02 | C53: Farinha de Milho 500g Dona Clara | D53: 7896490288775
B54: 1.1.02.02 | C54: Farinha de Milho 500g Vitamilho | D54: 7898366930023
B55: 1.1.02.02 | C55: Farinha de Milho 500g Bahia | D55: 7898097320018
A56: Macarrão Espaguete (500g)
B57: 1.1.02.03 | C57: Macarrão Espaguete Ovos 500g Brandini | D57: 7896005213193
B58: 1.1.02.03 | C58: Macarrão Espaguete Ovos 500g Dona Benta | D58: 7896005286579
B59: 1.1.02.03 | C59: Macarrão Espaguete Ovos 500g Santa Amália | D59: 7896021300044
B60: 1.1.02.03 | C60: Macarrão Espaguete Ovos 500g Paulista | D60: 7896763621001
B61: 1.1.02.03 | C61: Macarrão Espaguete Ovos 500g Petybon | D61: 7897721410002
A62: Feijão Carioca 1.2.02.01
A63: Feijão Carioca (1 kg)
B64: 1.2.02.01 | C64: Feijão Carioca 1Kg Vida | D64: 7898920795051
B65: 1.2.02.01 | C65: Feijão Carioca 1Kg Kicaldo | D65: 7896116900029
B66: 1.2.02.01 | C66: Feijão Carioca 1Kg Dona Alice | D66: 7898903143015
B67: 1.2.02.01 | C67: Feijão Carioca 1Kg Padim | D67: 7898902334018
B68: 1.2.02.01 | C68: Feijão Carioca 1Kg Ki Sabor | D68: 7898930231037
A69: Leite e Derivados 1.1.01
A70: Leite Pasteurizado (1 lt)
B71: 1.1.01.01 | C71: Leite UHT Integral caixa 1L Piracanjuba | D71: 7898215151708
B72: 1.1.01.01 | C72: Leite UHT Integral caixa 1L Betania | D72: 7898403782387
B73: 1.1.01.01 | C73: Leite UHT Integral caixa 1L Damare | D73: 7898945133203
B74: 1.1.01.01 | C74: Leite Pasteurizado Integral saco tipo C 1L Vitória | D74: 7898168390018
B75: 1.1.01.01 | C75: Leite Pasteurizado Integral saco tipo C 1L Conquista | D75: 7897856400091
A76: Queijo Mussarela (150g)
B77: 1.1.01.02 | C77: Queijo Mussarela 150g Davaca | D77: 7897318572823
B78: 1.1.01.02 | C78: Queijo Mussarela 150g Sadia | D78: 7891515591939
B79: 1.1.01.02 | C79: Queijo Mussarela 150g President | D79: 7898955617526
B80: 1.1.01.02 | C80: Queijo Mussarela 150g Galbani | D80: 7891097105739
B81: 1.1.01.02 | C81: Queijo Mussarela 150g Piracanjuba | D81: 7898215150282
A82: Queijo Prato (150g)
B83: 1.1.01.03 | C83: Queijo Prato 150g Davaca | D83: 7897318572830
B84: 1.1.01.03 | C84: Queijo Prato 150g Sadia | D84: 7891515592080
B85: 1.1.01.03 | C85: Queijo Prato 150g Galbani | D85: 7891097105739
B86: 1.1.01.03 | C86: Queijo Prato 150g Piracanjuba | D86: 7898215150657
B87: 1.1.01.03 | C87: Queijo Prato 150g President | D87: 7898955617519
A88: Manteiga (500g)
B89: 1.1.01.04 | C89: Manteiga 500g Davaca | D89: 7897318572816
B90: 1.1.01.04 | C90: Manteiga 500g Conleite | D90: 7898129140034
B91: 1.1.01.04 | C91: Manteiga 500g Verona | D91: 7897717900135
B92: 1.1.01.04 | C92: Manteiga 500g Natville | D92: 7898387120083
B93: 1.1.01.04 | C93: Manteiga 500g Piracanjuba | D93: 7898215151319
A94: Óleo 1.1.06
A95: Óleo (900 ml)
B96: 1.1.06.01 | C96: Óleo de Soja 900ml garrafa Soya | D96: 7891107101621
B97: 1.1.06.01 | C97: Óleo de Soja 900ml garrafa Liza | D97: 7896036090244
B98: 1.1.06.01 | C98: Óleo de Soja 900ml garrafa Sinhá | D98: 7892300030060
B99: 1.1.06.01 | C99: Óleo de Soja 900ml garrafa Concórdia | D99: 7898247780075
B100: 1.1.06.01 | C100: Óleo de Soja 900ml garrafa Primor | D100: 7891080803673
A101: Pão Francês 1.1.04
B102: 1.1.04.01 | C102: Pão Francês (1 kg) | D102: PÃO FRANCÊS
...

Sheet M16
A2: QUESTIONÁRIO DE COLETA DE PREÇOS
A3: DATA: | B3: =IFERROR(Calendário!H19,"") -> 46281 | C3: ESTABELECIMENTO: | D3: =Calendário!C19 -> Supermercado Canaã
A4: SEMANA: | B4: =IFERROR(Calendário!E19,"") -> 2 | C4: PESQUISADOR: | D4: =IFERROR(IF(Calendário!I19=0,"",Calendário!I19),"") -> Carlos Eduardo
A5: HORA: | C5: CRÍTICA: | D5: =IFERROR(IF(Calendário!J19=0,"",Calendário!J19),"") -> Igor
A7: ITEM/PRODUTO | B7: CÓDIGO DO PRODUTO | C7: MARCAS DO PRODUTO | D7: CÓD. BARRAS PdH | E7: PREÇO
A8: Açúcar 1.1.05
A9: Açucar (1Kg)
B10: 1.1.05.01 | C10: Açucar Cristal Vida 1Kg | D10: 7898920795044
B11: 1.1.05.01 | C11: Açucar Cristal Coceal 1Kg | D11: 7898292530038
B12: 1.1.05.01 | C12: Açúcar Cristal Vale Bahia 1Kg | D12: 7898968872011
B13: 1.1.05.01 | C13: Açucar Cristal Dona Mira 1Kg | D13: 7898964714070
B14: 1.1.05.01 | C14: Açucar Cristal Baiano 1Kg | D14: 7898920795259
A15: Arroz 1.2.03
A16: Arroz Parboilizado (1Kg)
B17: 1.2.03.01 | C17: Arroz Parboilizado Urbano 1Kg | D17: 7896038306053
B18: 1.2.03.01 | C18: Arroz Parboilizado Tio João 1Kg | D18: 7893500018469
B19: 1.2.03.01 | C19: Arroz Parboilizado Fazenda 1Kg | D19: 7896389600107
B20: 1.2.03.01 | C20: Arroz Parboilizado Tia Maria 1Kg | D20: 609963230297
B21: 1.2.03.01 | C21: Arroz Parboilizado Camil 1Kg | D21: 7896006716112
A22: Frutas 1.3.02
B23: 1.3.02.01 | C23: Banana da Prata (1 Kg) | D23: BANANA PRATA
B24: 1.3.02.02 | C24: Maça Nacional Vermelha (1 Kg) | D24: MAÇA NACIONAL
A25: Café 1.1.03
A26: Café (250g)
B27: 1.1.03.01 | C27: Café Torrado e Moído Tradicional 250g Bahia a Vácuo | D27: 7898017920199
B28: 1.1.03.01 | C28: Café Torrado e Moído Tradicional 250g Pilão a Vácuo | D28: 7896089012637
B29: 1.1.03.01 | C29: Café Torrado e Moído Tradicional 250g 3 Corações a Vácuo | D29: 7896005800362
B30: 1.1.03.01 | C30: Café Torrado e Moído Tradicional 250g Mellita a Vácuo | D30: 7891021006071
B31: 1.1.03.01 | C31: Café Torrado e Moído Tradicional 250g Maratá a Vácuo | D31: 7898286200039
A32: Carnes, ovos e embutidos 1.2.01
B33: 1.2.01.01 | C33: Carne Acém (1 kg) | D33: CARNE ACÉM
B34: 1.2.01.02 | C34: Carne Alcatra (1 kg) | D34: CARNE ALCATRA
B35: 1.2.01.03 | C35: Charque - Dianteira ou Ponta de Agulha (1Kg) | D35: CHARQUE
B36: 1.2.01.04 | C36: Frango Inteiro Congelado (1 kg) | D36: FRANGO INTEIRO
B37: 1.2.01.06 | C37: Ovos Brancos (Unid.) | D37: OVOS BRANCOS
A38: Linguiça Calabresa (400g)
B39: 1.2.01.05 | C39: Linguiça Calabresa 400g Sadia | D39: 7891515620981
B40: 1.2.01.05 | C40: Linguiça Calabresa 400g Perdigao | D40: 7891515977511
B41: 1.2.01.05 | C41: Linguiça Calabresa 400g Seara | D41: 7894904009862
B42: 1.2.01.05 | C42: Linguiça Calabresa 400g Pamplona | D42: 7896716301271
B43: 1.2.01.05 | C43: Linguiça Calabresa 400g Aurora | D43: 7891164005832
A44: Farinhas e Massas 1.1.02
A45: Farinha de Mandioca (1Kg)
B46: 1.1.02.01 | C46: Farinha de Mandioca Branca 1Kg São João | D46: 7898357410022
B47: 1.1.02.01 | C47: Farinha de Mandioca Branca 1Kg São Miguel | D47: 7898031690030
B48: 1.1.02.01 | C48: Farinha de Mandioca Amarela 1Kg São João | D48: 7898357410015
B49: 1.1.02.01 | C49: Farinha de Mandioca Amarela 1Kg São Miguel | D49: 7898031690023
A50: Farinha de Milho (500g)
B51: 1.1.02.02 | C51: Farinha de Milho 500g Coringa | D51: 7896481130137
B52: 1.1.02.02 | C52: Farinha de Milho 500g Maratá | D52: 7898932426042
B53: 1.1.02.02 | C53: Farinha de Milho 500g Dona Clara | D53: 7896490288775
B54: 1.1.02.02 | C54: Farinha de Milho 500g Vitamilho | D54: 7898366930023
B55: 1.1.02.02 | C55: Farinha de Milho 500g Bahia | D55: 7898097320018
A56: Macarrão Espaguete (500g)
B57: 1.1.02.03 | C57: Macarrão Espaguete Ovos 500g Brandini | D57: 7896005213193
B58: 1.1.02.03 | C58: Macarrão Espaguete Ovos 500g Dona Benta | D58: 7896005286579
B59: 1.1.02.03 | C59: Macarrão Espaguete Ovos 500g Santa Amália | D59: 7896021300044
B60: 1.1.02.03 | C60: Macarrão Espaguete Ovos 500g Paulista | D60: 7896763621001
B61: 1.1.02.03 | C61: Macarrão Espaguete Ovos 500g Petybon | D61: 7897721410002
A62: Feijão Carioca 1.2.02.01
A63: Feijão Carioca (1 kg)
B64: 1.2.02.01 | C64: Feijão Carioca 1Kg Vida | D64: 7898920795051
B65: 1.2.02.01 | C65: Feijão Carioca 1Kg Kicaldo | D65: 7896116900029
B66: 1.2.02.01 | C66: Feijão Carioca 1Kg Dona Alice | D66: 7898903143015
B67: 1.2.02.01 | C67: Feijão Carioca 1Kg Padim | D67: 7898902334018
B68: 1.2.02.01 | C68: Feijão Carioca 1Kg Ki Sabor | D68: 7898930231037
A69: Leite e Derivados 1.1.01
A70: Leite Pasteurizado (1 lt)
B71: 1.1.01.01 | C71: Leite UHT Integral caixa 1L Piracanjuba | D71: 7898215151708
B72: 1.1.01.01 | C72: Leite UHT Integral caixa 1L Betania | D72: 7898403782387
B73: 1.1.01.01 | C73: Leite UHT Integral caixa 1L Damare | D73: 7898945133203
B74: 1.1.01.01 | C74: Leite Pasteurizado Integral saco tipo C 1L Vitória | D74: 7898168390018
B75: 1.1.01.01 | C75: Leite Pasteurizado Integral saco tipo C 1L Conquista | D75: 7897856400091
A76: Queijo Mussarela (150g)
B77: 1.1.01.02 | C77: Queijo Mussarela 150g Davaca | D77: 7897318572823
B78: 1.1.01.02 | C78: Queijo Mussarela 150g Sadia | D78: 7891515591939
B79: 1.1.01.02 | C79: Queijo Mussarela 150g President | D79: 7898955617526
B80: 1.1.01.02 | C80: Queijo Mussarela 150g Galbani | D80: 7891097105739
B81: 1.1.01.02 | C81: Queijo Mussarela 150g Piracanjuba | D81: 7898215150282
A82: Queijo Prato (150g)
B83: 1.1.01.03 | C83: Queijo Prato 150g Davaca | D83: 7897318572830
B84: 1.1.01.03 | C84: Queijo Prato 150g Sadia | D84: 7891515592080
B85: 1.1.01.03 | C85: Queijo Prato 150g Galbani | D85: 7891097105739
B86: 1.1.01.03 | C86: Queijo Prato 150g Piracanjuba | D86: 7898215150657
B87: 1.1.01.03 | C87: Queijo Prato 150g President | D87: 7898955617519
A88: Manteiga (500g)
B89: 1.1.01.04 | C89: Manteiga 500g Davaca | D89: 7897318572816
B90: 1.1.01.04 | C90: Manteiga 500g Conleite | D90: 7898129140034
B91: 1.1.01.04 | C91: Manteiga 500g Verona | D91: 7897717900135
B92: 1.1.01.04 | C92: Manteiga 500g Natville | D92: 7898387120083
B93: 1.1.01.04 | C93: Manteiga 500g Piracanjuba | D93: 7898215151319
A94: Óleo 1.1.06
A95: Óleo (900 ml)
B96: 1.1.06.01 | C96: Óleo de Soja 900ml garrafa Soya | D96: 7891107101621
B97: 1.1.06.01 | C97: Óleo de Soja 900ml garrafa Liza | D97: 7896036090244
B98: 1.1.06.01 | C98: Óleo de Soja 900ml garrafa Sinhá | D98: 7892300030060
B99: 1.1.06.01 | C99: Óleo de Soja 900ml garrafa Concórdia | D99: 7898247780075
B100: 1.1.06.01 | C100: Óleo de Soja 900ml garrafa Primor | D100: 7891080803673
A101: Pão Francês 1.1.04
B102: 1.1.04.01 | C102: Pão Francês (1 kg) | D102: PÃO FRANCÊS
...

Sheet M17
A2: QUESTIONÁRIO DE COLETA DE PREÇOS
A3: DATA: | B3: =IFERROR(Calendário!H20,"") -> 46282 | C3: ESTABELECIMENTO: | D3: =Calendário!C20 -> Supermercado Aliança
A4: SEMANA: | B4: =IFERROR(Calendário!E20,"") -> 2 | C4: PESQUISADOR: | D4: =IFERROR(IF(Calendário!I20=0,"",Calendário!I20),"") -> Igor
A5: HORA: | C5: CRÍTICA: | D5: =IFERROR(IF(Calendário!J20=0,"",Calendário!J20),"") -> Mécia
A7: ITEM/PRODUTO | B7: CÓDIGO DO PRODUTO | C7: MARCAS DO PRODUTO | D7: CÓD. BARRAS PdH | E7: PREÇO
A8: Açúcar 1.1.05
A9: Açucar (1Kg)
B10: 1.1.05.01 | C10: Açucar Cristal Vida 1Kg | D10: 7898920795044
B11: 1.1.05.01 | C11: Açucar Cristal Coceal 1Kg | D11: 7898292530038
B12: 1.1.05.01 | C12: Açúcar Cristal Vale Bahia 1Kg | D12: 7898968872011
B13: 1.1.05.01 | C13: Açucar Cristal Dona Mira 1Kg | D13: 7898964714070
B14: 1.1.05.01 | C14: Açucar Cristal Baiano 1Kg | D14: 7898920795259
A15: Arroz 1.2.03
A16: Arroz Parboilizado (1Kg)
B17: 1.2.03.01 | C17: Arroz Parboilizado Urbano 1Kg | D17: 7896038306053
B18: 1.2.03.01 | C18: Arroz Parboilizado Tio João 1Kg | D18: 7893500018469
B19: 1.2.03.01 | C19: Arroz Parboilizado Fazenda 1Kg | D19: 7896389600107
B20: 1.2.03.01 | C20: Arroz Parboilizado Tia Maria 1Kg | D20: 609963230297
B21: 1.2.03.01 | C21: Arroz Parboilizado Camil 1Kg | D21: 7896006716112
A22: Frutas 1.3.02
B23: 1.3.02.01 | C23: Banana da Prata (1 Kg) | D23: BANANA PRATA
B24: 1.3.02.02 | C24: Maça Nacional Vermelha (1 Kg) | D24: MAÇA NACIONAL
A25: Café 1.1.03
A26: Café (250g)
B27: 1.1.03.01 | C27: Café Torrado e Moído Tradicional 250g Bahia a Vácuo | D27: 7898017920199
B28: 1.1.03.01 | C28: Café Torrado e Moído Tradicional 250g Pilão a Vácuo | D28: 7896089012637
B29: 1.1.03.01 | C29: Café Torrado e Moído Tradicional 250g 3 Corações a Vácuo | D29: 7896005800362
B30: 1.1.03.01 | C30: Café Torrado e Moído Tradicional 250g Mellita a Vácuo | D30: 7891021006071
B31: 1.1.03.01 | C31: Café Torrado e Moído Tradicional 250g Maratá a Vácuo | D31: 7898286200039
A32: Carnes, ovos e embutidos 1.2.01
B33: 1.2.01.01 | C33: Carne Acém (1 kg) | D33: CARNE ACÉM
B34: 1.2.01.02 | C34: Carne Alcatra (1 kg) | D34: CARNE ALCATRA
B35: 1.2.01.03 | C35: Charque - Dianteira ou Ponta de Agulha (1Kg) | D35: CHARQUE
B36: 1.2.01.04 | C36: Frango Inteiro Congelado (1 kg) | D36: FRANGO INTEIRO
B37: 1.2.01.06 | C37: Ovos Brancos (Unid.) | D37: OVOS BRANCOS
A38: Linguiça Calabresa (400g)
B39: 1.2.01.05 | C39: Linguiça Calabresa 400g Sadia | D39: 7891515620981
B40: 1.2.01.05 | C40: Linguiça Calabresa 400g Perdigao | D40: 7891515977511
B41: 1.2.01.05 | C41: Linguiça Calabresa 400g Seara | D41: 7894904009862
B42: 1.2.01.05 | C42: Linguiça Calabresa 400g Pamplona | D42: 7896716301271
B43: 1.2.01.05 | C43: Linguiça Calabresa 400g Aurora | D43: 7891164005832
A44: Farinhas e Massas 1.1.02
A45: Farinha de Mandioca (1Kg)
B46: 1.1.02.01 | C46: Farinha de Mandioca Branca 1Kg São João | D46: 7898357410022
B47: 1.1.02.01 | C47: Farinha de Mandioca Branca 1Kg São Miguel | D47: 7898031690030
B48: 1.1.02.01 | C48: Farinha de Mandioca Amarela 1Kg São João | D48: 7898357410015
B49: 1.1.02.01 | C49: Farinha de Mandioca Amarela 1Kg São Miguel | D49: 7898031690023
A50: Farinha de Milho (500g)
B51: 1.1.02.02 | C51: Farinha de Milho 500g Coringa | D51: 7896481130137
B52: 1.1.02.02 | C52: Farinha de Milho 500g Maratá | D52: 7898932426042
B53: 1.1.02.02 | C53: Farinha de Milho 500g Dona Clara | D53: 7896490288775
B54: 1.1.02.02 | C54: Farinha de Milho 500g Vitamilho | D54: 7898366930023
B55: 1.1.02.02 | C55: Farinha de Milho 500g Bahia | D55: 7898097320018
A56: Macarrão Espaguete (500g)
B57: 1.1.02.03 | C57: Macarrão Espaguete Ovos 500g Brandini | D57: 7896005213193
B58: 1.1.02.03 | C58: Macarrão Espaguete Ovos 500g Dona Benta | D58: 7896005286579
B59: 1.1.02.03 | C59: Macarrão Espaguete Ovos 500g Santa Amália | D59: 7896021300044
B60: 1.1.02.03 | C60: Macarrão Espaguete Ovos 500g Paulista | D60: 7896763621001
B61: 1.1.02.03 | C61: Macarrão Espaguete Ovos 500g Petybon | D61: 7897721410002
A62: Feijão Carioca 1.2.02.01
A63: Feijão Carioca (1 kg)
B64: 1.2.02.01 | C64: Feijão Carioca 1Kg Vida | D64: 7898920795051
B65: 1.2.02.01 | C65: Feijão Carioca 1Kg Kicaldo | D65: 7896116900029
B66: 1.2.02.01 | C66: Feijão Carioca 1Kg Dona Alice | D66: 7898903143015
B67: 1.2.02.01 | C67: Feijão Carioca 1Kg Padim | D67: 7898902334018
B68: 1.2.02.01 | C68: Feijão Carioca 1Kg Ki Sabor | D68: 7898930231037
A69: Leite e Derivados 1.1.01
A70: Leite Pasteurizado (1 lt)
B71: 1.1.01.01 | C71: Leite UHT Integral caixa 1L Piracanjuba | D71: 7898215151708
B72: 1.1.01.01 | C72: Leite UHT Integral caixa 1L Betania | D72: 7898403782387
B73: 1.1.01.01 | C73: Leite UHT Integral caixa 1L Damare | D73: 7898945133203
B74: 1.1.01.01 | C74: Leite Pasteurizado Integral saco tipo C 1L Vitória | D74: 7898168390018
B75: 1.1.01.01 | C75: Leite Pasteurizado Integral saco tipo C 1L Conquista | D75: 7897856400091
A76: Queijo Mussarela (150g)
B77: 1.1.01.02 | C77: Queijo Mussarela 150g Davaca | D77: 7897318572823
B78: 1.1.01.02 | C78: Queijo Mussarela 150g Sadia | D78: 7891515591939
B79: 1.1.01.02 | C79: Queijo Mussarela 150g President | D79: 7898955617526
B80: 1.1.01.02 | C80: Queijo Mussarela 150g Galbani | D80: 7891097105739
B81: 1.1.01.02 | C81: Queijo Mussarela 150g Piracanjuba | D81: 7898215150282
A82: Queijo Prato (150g)
B83: 1.1.01.03 | C83: Queijo Prato 150g Davaca | D83: 7897318572830
B84: 1.1.01.03 | C84: Queijo Prato 150g Sadia | D84: 7891515592080
B85: 1.1.01.03 | C85: Queijo Prato 150g Galbani | D85: 7891097105739
B86: 1.1.01.03 | C86: Queijo Prato 150g Piracanjuba | D86: 7898215150657
B87: 1.1.01.03 | C87: Queijo Prato 150g President | D87: 7898955617519
A88: Manteiga (500g)
B89: 1.1.01.04 | C89: Manteiga 500g Davaca | D89: 7897318572816
B90: 1.1.01.04 | C90: Manteiga 500g Conleite | D90: 7898129140034
B91: 1.1.01.04 | C91: Manteiga 500g Verona | D91: 7897717900135
B92: 1.1.01.04 | C92: Manteiga 500g Natville | D92: 7898387120083
B93: 1.1.01.04 | C93: Manteiga 500g Piracanjuba | D93: 7898215151319
A94: Óleo 1.1.06
A95: Óleo (900 ml)
B96: 1.1.06.01 | C96: Óleo de Soja 900ml garrafa Soya | D96: 7891107101621
B97: 1.1.06.01 | C97: Óleo de Soja 900ml garrafa Liza | D97: 7896036090244
B98: 1.1.06.01 | C98: Óleo de Soja 900ml garrafa Sinhá | D98: 7892300030060
B99: 1.1.06.01 | C99: Óleo de Soja 900ml garrafa Concórdia | D99: 7898247780075
B100: 1.1.06.01 | C100: Óleo de Soja 900ml garrafa Primor | D100: 7891080803673
A101: Pão Francês 1.1.04
B102: 1.1.04.01 | C102: Pão Francês (1 kg) | D102: PÃO FRANCÊS
...

Sheet M18
A2: QUESTIONÁRIO DE COLETA DE PREÇOS
A3: DATA: | B3: =IFERROR(Calendário!H21,"") -> 46282 | C3: ESTABELECIMENTO: | D3: =Calendário!C21 -> Pereira Atacado e Varejo (Boa Vista)
A4: SEMANA: | B4: =IFERROR(Calendário!E21,"") -> 2 | C4: PESQUISADOR: | D4: =IFERROR(IF(Calendário!I21=0,"",Calendário!I21),"") -> Igor
A5: HORA: | C5: CRÍTICA: | D5: =IFERROR(IF(Calendário!J21=0,"",Calendário!J21),"") -> Mécia
A7: ITEM/PRODUTO | B7: CÓDIGO DO PRODUTO | C7: MARCAS DO PRODUTO | D7: CÓD. BARRAS PdH | E7: PREÇO
A8: Açúcar 1.1.05
A9: Açucar (1Kg)
B10: 1.1.05.01 | C10: Açucar Cristal Vida 1Kg | D10: 7898920795044
B11: 1.1.05.01 | C11: Açucar Cristal Coceal 1Kg | D11: 7898292530038
B12: 1.1.05.01 | C12: Açúcar Cristal Vale Bahia 1Kg | D12: 7898968872011
B13: 1.1.05.01 | C13: Açucar Cristal Dona Mira 1Kg | D13: 7898964714070
B14: 1.1.05.01 | C14: Açucar Cristal Baiano 1Kg | D14: 7898920795259
A15: Arroz 1.2.03
A16: Arroz Parboilizado (1Kg)
B17: 1.2.03.01 | C17: Arroz Parboilizado Urbano 1Kg | D17: 7896038306053
B18: 1.2.03.01 | C18: Arroz Parboilizado Tio João 1Kg | D18: 7893500018469
B19: 1.2.03.01 | C19: Arroz Parboilizado Fazenda 1Kg | D19: 7896389600107
B20: 1.2.03.01 | C20: Arroz Parboilizado Tia Maria 1Kg | D20: 609963230297
B21: 1.2.03.01 | C21: Arroz Parboilizado Camil 1Kg | D21: 7896006716112
A22: Frutas 1.3.02
B23: 1.3.02.01 | C23: Banana da Prata (1 Kg) | D23: BANANA PRATA
B24: 1.3.02.02 | C24: Maça Nacional Vermelha (1 Kg) | D24: MAÇA NACIONAL
A25: Café 1.1.03
A26: Café (250g)
B27: 1.1.03.01 | C27: Café Torrado e Moído Tradicional 250g Bahia a Vácuo | D27: 7898017920199
B28: 1.1.03.01 | C28: Café Torrado e Moído Tradicional 250g Pilão a Vácuo | D28: 7896089012637
B29: 1.1.03.01 | C29: Café Torrado e Moído Tradicional 250g 3 Corações a Vácuo | D29: 7896005800362
B30: 1.1.03.01 | C30: Café Torrado e Moído Tradicional 250g Mellita a Vácuo | D30: 7891021006071
B31: 1.1.03.01 | C31: Café Torrado e Moído Tradicional 250g Maratá a Vácuo | D31: 7898286200039
A32: Carnes, ovos e embutidos 1.2.01
B33: 1.2.01.01 | C33: Carne Acém (1 kg) | D33: CARNE ACÉM
B34: 1.2.01.02 | C34: Carne Alcatra (1 kg) | D34: CARNE ALCATRA
B35: 1.2.01.03 | C35: Charque - Dianteira ou Ponta de Agulha (1Kg) | D35: CHARQUE
B36: 1.2.01.04 | C36: Frango Inteiro Congelado (1 kg) | D36: FRANGO INTEIRO
B37: 1.2.01.06 | C37: Ovos Brancos (Unid.) | D37: OVOS BRANCOS
A38: Linguiça Calabresa (400g)
B39: 1.2.01.05 | C39: Linguiça Calabresa 400g Sadia | D39: 7891515620981
B40: 1.2.01.05 | C40: Linguiça Calabresa 400g Perdigao | D40: 7891515977511
B41: 1.2.01.05 | C41: Linguiça Calabresa 400g Seara | D41: 7894904009862
B42: 1.2.01.05 | C42: Linguiça Calabresa 400g Pamplona | D42: 7896716301271
B43: 1.2.01.05 | C43: Linguiça Calabresa 400g Aurora | D43: 7891164005832
A44: Farinhas e Massas 1.1.02
A45: Farinha de Mandioca (1Kg)
B46: 1.1.02.01 | C46: Farinha de Mandioca Branca 1Kg São João | D46: 7898357410022
B47: 1.1.02.01 | C47: Farinha de Mandioca Branca 1Kg São Miguel | D47: 7898031690030
B48: 1.1.02.01 | C48: Farinha de Mandioca Amarela 1Kg São João | D48: 7898357410015
B49: 1.1.02.01 | C49: Farinha de Mandioca Amarela 1Kg São Miguel | D49: 7898031690023
A50: Farinha de Milho (500g)
B51: 1.1.02.02 | C51: Farinha de Milho 500g Coringa | D51: 7896481130137
B52: 1.1.02.02 | C52: Farinha de Milho 500g Maratá | D52: 7898932426042
B53: 1.1.02.02 | C53: Farinha de Milho 500g Dona Clara | D53: 7896490288775
B54: 1.1.02.02 | C54: Farinha de Milho 500g Vitamilho | D54: 7898366930023
B55: 1.1.02.02 | C55: Farinha de Milho 500g Bahia | D55: 7898097320018
A56: Macarrão Espaguete (500g)
B57: 1.1.02.03 | C57: Macarrão Espaguete Ovos 500g Brandini | D57: 7896005213193
B58: 1.1.02.03 | C58: Macarrão Espaguete Ovos 500g Dona Benta | D58: 7896005286579
B59: 1.1.02.03 | C59: Macarrão Espaguete Ovos 500g Santa Amália | D59: 7896021300044
B60: 1.1.02.03 | C60: Macarrão Espaguete Ovos 500g Paulista | D60: 7896763621001
B61: 1.1.02.03 | C61: Macarrão Espaguete Ovos 500g Petybon | D61: 7897721410002
A62: Feijão Carioca 1.2.02.01
A63: Feijão Carioca (1 kg)
B64: 1.2.02.01 | C64: Feijão Carioca 1Kg Vida | D64: 7898920795051
B65: 1.2.02.01 | C65: Feijão Carioca 1Kg Kicaldo | D65: 7896116900029
B66: 1.2.02.01 | C66: Feijão Carioca 1Kg Dona Alice | D66: 7898903143015
B67: 1.2.02.01 | C67: Feijão Carioca 1Kg Padim | D67: 7898902334018
B68: 1.2.02.01 | C68: Feijão Carioca 1Kg Ki Sabor | D68: 7898930231037
A69: Leite e Derivados 1.1.01
A70: Leite Pasteurizado (1 lt)
B71: 1.1.01.01 | C71: Leite UHT Integral caixa 1L Piracanjuba | D71: 7898215151708
B72: 1.1.01.01 | C72: Leite UHT Integral caixa 1L Betania | D72: 7898403782387
B73: 1.1.01.01 | C73: Leite UHT Integral caixa 1L Damare | D73: 7898945133203
B74: 1.1.01.01 | C74: Leite Pasteurizado Integral saco tipo C 1L Vitória | D74: 7898168390018
B75: 1.1.01.01 | C75: Leite Pasteurizado Integral saco tipo C 1L Conquista | D75: 7897856400091
A76: Queijo Mussarela (150g)
B77: 1.1.01.02 | C77: Queijo Mussarela 150g Davaca | D77: 7897318572823
B78: 1.1.01.02 | C78: Queijo Mussarela 150g Sadia | D78: 7891515591939
B79: 1.1.01.02 | C79: Queijo Mussarela 150g President | D79: 7898955617526
B80: 1.1.01.02 | C80: Queijo Mussarela 150g Galbani | D80: 7891097105739
B81: 1.1.01.02 | C81: Queijo Mussarela 150g Piracanjuba | D81: 7898215150282
A82: Queijo Prato (150g)
B83: 1.1.01.03 | C83: Queijo Prato 150g Davaca | D83: 7897318572830
B84: 1.1.01.03 | C84: Queijo Prato 150g Sadia | D84: 7891515592080
B85: 1.1.01.03 | C85: Queijo Prato 150g Galbani | D85: 7891097105739
B86: 1.1.01.03 | C86: Queijo Prato 150g Piracanjuba | D86: 7898215150657
B87: 1.1.01.03 | C87: Queijo Prato 150g President | D87: 7898955617519
A88: Manteiga (500g)
B89: 1.1.01.04 | C89: Manteiga 500g Davaca | D89: 7897318572816
B90: 1.1.01.04 | C90: Manteiga 500g Conleite | D90: 7898129140034
B91: 1.1.01.04 | C91: Manteiga 500g Verona | D91: 7897717900135
B92: 1.1.01.04 | C92: Manteiga 500g Natville | D92: 7898387120083
B93: 1.1.01.04 | C93: Manteiga 500g Piracanjuba | D93: 7898215151319
A94: Óleo 1.1.06
A95: Óleo (900 ml)
B96: 1.1.06.01 | C96: Óleo de Soja 900ml garrafa Soya | D96: 7891107101621
B97: 1.1.06.01 | C97: Óleo de Soja 900ml garrafa Liza | D97: 7896036090244
B98: 1.1.06.01 | C98: Óleo de Soja 900ml garrafa Sinhá | D98: 7892300030060
B99: 1.1.06.01 | C99: Óleo de Soja 900ml garrafa Concórdia | D99: 7898247780075
B100: 1.1.06.01 | C100: Óleo de Soja 900ml garrafa Primor | D100: 7891080803673
A101: Pão Francês 1.1.04
B102: 1.1.04.01 | C102: Pão Francês (1 kg) | D102: PÃO FRANCÊS
...

Sheet M19
A2: QUESTIONÁRIO DE COLETA DE PREÇOS
A3: DATA: | B3: =IFERROR(Calendário!H22,"") -> 46283 | C3: ESTABELECIMENTO: | D3: =Calendário!C22 -> Andralmeida LTDA (São Geraldo)
A4: SEMANA: | B4: =IFERROR(Calendário!E22,"") -> 2 | C4: PESQUISADOR: | D4: =IFERROR(IF(Calendário!I22=0,"",Calendário!I22),"") -> Mateus
A5: HORA: | C5: CRÍTICA: | D5: =IFERROR(IF(Calendário!J22=0,"",Calendário!J22),"") -> Darci
A7: ITEM/PRODUTO | B7: CÓDIGO DO PRODUTO | C7: MARCAS DO PRODUTO | D7: CÓD. BARRAS PdH | E7: PREÇO
A8: Açúcar 1.1.05
A9: Açucar (1Kg)
B10: 1.1.05.01 | C10: Açucar Cristal Vida 1Kg | D10: 7898920795044
B11: 1.1.05.01 | C11: Açucar Cristal Coceal 1Kg | D11: 7898292530038
B12: 1.1.05.01 | C12: Açúcar Cristal Vale Bahia 1Kg | D12: 7898968872011
B13: 1.1.05.01 | C13: Açucar Cristal Dona Mira 1Kg | D13: 7898964714070
B14: 1.1.05.01 | C14: Açucar Cristal Baiano 1Kg | D14: 7898920795259
A15: Arroz 1.2.03
A16: Arroz Parboilizado (1Kg)
B17: 1.2.03.01 | C17: Arroz Parboilizado Urbano 1Kg | D17: 7896038306053
B18: 1.2.03.01 | C18: Arroz Parboilizado Tio João 1Kg | D18: 7893500018469
B19: 1.2.03.01 | C19: Arroz Parboilizado Fazenda 1Kg | D19: 7896389600107
B20: 1.2.03.01 | C20: Arroz Parboilizado Tia Maria 1Kg | D20: 609963230297
B21: 1.2.03.01 | C21: Arroz Parboilizado Camil 1Kg | D21: 7896006716112
A22: Frutas 1.3.02
B23: 1.3.02.01 | C23: Banana da Prata (1 Kg) | D23: BANANA PRATA
B24: 1.3.02.02 | C24: Maça Nacional Vermelha (1 Kg) | D24: MAÇA NACIONAL
A25: Café 1.1.03
A26: Café (250g)
B27: 1.1.03.01 | C27: Café Torrado e Moído Tradicional 250g Bahia a Vácuo | D27: 7898017920199
B28: 1.1.03.01 | C28: Café Torrado e Moído Tradicional 250g Pilão a Vácuo | D28: 7896089012637
B29: 1.1.03.01 | C29: Café Torrado e Moído Tradicional 250g 3 Corações a Vácuo | D29: 7896005800362
B30: 1.1.03.01 | C30: Café Torrado e Moído Tradicional 250g Mellita a Vácuo | D30: 7891021006071
B31: 1.1.03.01 | C31: Café Torrado e Moído Tradicional 250g Maratá a Vácuo | D31: 7898286200039
A32: Carnes, ovos e embutidos 1.2.01
B33: 1.2.01.01 | C33: Carne Acém (1 kg) | D33: CARNE ACÉM
B34: 1.2.01.02 | C34: Carne Alcatra (1 kg) | D34: CARNE ALCATRA
B35: 1.2.01.03 | C35: Charque - Dianteira ou Ponta de Agulha (1Kg) | D35: CHARQUE
B36: 1.2.01.04 | C36: Frango Inteiro Congelado (1 kg) | D36: FRANGO INTEIRO
B37: 1.2.01.06 | C37: Ovos Brancos (Unid.) | D37: OVOS BRANCOS
A38: Linguiça Calabresa (400g)
B39: 1.2.01.05 | C39: Linguiça Calabresa 400g Sadia | D39: 7891515620981
B40: 1.2.01.05 | C40: Linguiça Calabresa 400g Perdigao | D40: 7891515977511
B41: 1.2.01.05 | C41: Linguiça Calabresa 400g Seara | D41: 7894904009862
B42: 1.2.01.05 | C42: Linguiça Calabresa 400g Pamplona | D42: 7896716301271
B43: 1.2.01.05 | C43: Linguiça Calabresa 400g Aurora | D43: 7891164005832
A44: Farinhas e Massas 1.1.02
A45: Farinha de Mandioca (1Kg)
B46: 1.1.02.01 | C46: Farinha de Mandioca Branca 1Kg São João | D46: 7898357410022
B47: 1.1.02.01 | C47: Farinha de Mandioca Branca 1Kg São Miguel | D47: 7898031690030
B48: 1.1.02.01 | C48: Farinha de Mandioca Amarela 1Kg São João | D48: 7898357410015
B49: 1.1.02.01 | C49: Farinha de Mandioca Amarela 1Kg São Miguel | D49: 7898031690023
A50: Farinha de Milho (500g)
B51: 1.1.02.02 | C51: Farinha de Milho 500g Coringa | D51: 7896481130137
B52: 1.1.02.02 | C52: Farinha de Milho 500g Maratá | D52: 7898932426042
B53: 1.1.02.02 | C53: Farinha de Milho 500g Dona Clara | D53: 7896490288775
B54: 1.1.02.02 | C54: Farinha de Milho 500g Vitamilho | D54: 7898366930023
B55: 1.1.02.02 | C55: Farinha de Milho 500g Bahia | D55: 7898097320018
A56: Macarrão Espaguete (500g)
B57: 1.1.02.03 | C57: Macarrão Espaguete Ovos 500g Brandini | D57: 7896005213193
B58: 1.1.02.03 | C58: Macarrão Espaguete Ovos 500g Dona Benta | D58: 7896005286579
B59: 1.1.02.03 | C59: Macarrão Espaguete Ovos 500g Santa Amália | D59: 7896021300044
B60: 1.1.02.03 | C60: Macarrão Espaguete Ovos 500g Paulista | D60: 7896763621001
B61: 1.1.02.03 | C61: Macarrão Espaguete Ovos 500g Petybon | D61: 7897721410002
A62: Feijão Carioca 1.2.02.01
A63: Feijão Carioca (1 kg)
B64: 1.2.02.01 | C64: Feijão Carioca 1Kg Vida | D64: 7898920795051
B65: 1.2.02.01 | C65: Feijão Carioca 1Kg Kicaldo | D65: 7896116900029
B66: 1.2.02.01 | C66: Feijão Carioca 1Kg Dona Alice | D66: 7898903143015
B67: 1.2.02.01 | C67: Feijão Carioca 1Kg Padim | D67: 7898902334018
B68: 1.2.02.01 | C68: Feijão Carioca 1Kg Ki Sabor | D68: 7898930231037
A69: Leite e Derivados 1.1.01
A70: Leite Pasteurizado (1 lt)
B71: 1.1.01.01 | C71: Leite UHT Integral caixa 1L Piracanjuba | D71: 7898215151708
B72: 1.1.01.01 | C72: Leite UHT Integral caixa 1L Betania | D72: 7898403782387
B73: 1.1.01.01 | C73: Leite UHT Integral caixa 1L Damare | D73: 7898945133203
B74: 1.1.01.01 | C74: Leite Pasteurizado Integral saco tipo C 1L Vitória | D74: 7898168390018
B75: 1.1.01.01 | C75: Leite Pasteurizado Integral saco tipo C 1L Conquista | D75: 7897856400091
A76: Queijo Mussarela (150g)
B77: 1.1.01.02 | C77: Queijo Mussarela 150g Davaca | D77: 7897318572823
B78: 1.1.01.02 | C78: Queijo Mussarela 150g Sadia | D78: 7891515591939
B79: 1.1.01.02 | C79: Queijo Mussarela 150g President | D79: 7898955617526
B80: 1.1.01.02 | C80: Queijo Mussarela 150g Galbani | D80: 7891097105739
B81: 1.1.01.02 | C81: Queijo Mussarela 150g Piracanjuba | D81: 7898215150282
A82: Queijo Prato (150g)
B83: 1.1.01.03 | C83: Queijo Prato 150g Davaca | D83: 7897318572830
B84: 1.1.01.03 | C84: Queijo Prato 150g Sadia | D84: 7891515592080
B85: 1.1.01.03 | C85: Queijo Prato 150g Galbani | D85: 7891097105739
B86: 1.1.01.03 | C86: Queijo Prato 150g Piracanjuba | D86: 7898215150657
B87: 1.1.01.03 | C87: Queijo Prato 150g President | D87: 7898955617519
A88: Manteiga (500g)
B89: 1.1.01.04 | C89: Manteiga 500g Davaca | D89: 7897318572816
B90: 1.1.01.04 | C90: Manteiga 500g Conleite | D90: 7898129140034
B91: 1.1.01.04 | C91: Manteiga 500g Verona | D91: 7897717900135
B92: 1.1.01.04 | C92: Manteiga 500g Natville | D92: 7898387120083
B93: 1.1.01.04 | C93: Manteiga 500g Piracanjuba | D93: 7898215151319
A94: Óleo 1.1.06
A95: Óleo (900 ml)
B96: 1.1.06.01 | C96: Óleo de Soja 900ml garrafa Soya | D96: 7891107101621
B97: 1.1.06.01 | C97: Óleo de Soja 900ml garrafa Liza | D97: 7896036090244
B98: 1.1.06.01 | C98: Óleo de Soja 900ml garrafa Sinhá | D98: 7892300030060
B99: 1.1.06.01 | C99: Óleo de Soja 900ml garrafa Concórdia | D99: 7898247780075
B100: 1.1.06.01 | C100: Óleo de Soja 900ml garrafa Primor | D100: 7891080803673
A101: Pão Francês 1.1.04
B102: 1.1.04.01 | C102: Pão Francês (1 kg) | D102: PÃO FRANCÊS
...

Sheet M20
A2: QUESTIONÁRIO DE COLETA DE PREÇOS
A3: DATA: | B3: =IFERROR(Calendário!H23,"") -> 46283 | C3: ESTABELECIMENTO: | D3: =Calendário!C23 -> São Miguel Supermercado
A4: SEMANA: | B4: =IFERROR(Calendário!E23,"") -> 2 | C4: PESQUISADOR: | D4: =IFERROR(IF(Calendário!I23=0,"",Calendário!I23),"") -> Mateus
A5: HORA: | C5: CRÍTICA: | D5: =IFERROR(IF(Calendário!J23=0,"",Calendário!J23),"") -> Darci
A7: ITEM/PRODUTO | B7: CÓDIGO DO PRODUTO | C7: MARCAS DO PRODUTO | D7: CÓD. BARRAS PdH | E7: PREÇO
A8: Açúcar 1.1.05
A9: Açucar (1Kg)
B10: 1.1.05.01 | C10: Açucar Cristal Vida 1Kg | D10: 7898920795044
B11: 1.1.05.01 | C11: Açucar Cristal Coceal 1Kg | D11: 7898292530038
B12: 1.1.05.01 | C12: Açúcar Cristal Vale Bahia 1Kg | D12: 7898968872011
B13: 1.1.05.01 | C13: Açucar Cristal Dona Mira 1Kg | D13: 7898964714070
B14: 1.1.05.01 | C14: Açucar Cristal Baiano 1Kg | D14: 7898920795259
A15: Arroz 1.2.03
A16: Arroz Parboilizado (1Kg)
B17: 1.2.03.01 | C17: Arroz Parboilizado Urbano 1Kg | D17: 7896038306053
B18: 1.2.03.01 | C18: Arroz Parboilizado Tio João 1Kg | D18: 7893500018469
B19: 1.2.03.01 | C19: Arroz Parboilizado Fazenda 1Kg | D19: 7896389600107
B20: 1.2.03.01 | C20: Arroz Parboilizado Tia Maria 1Kg | D20: 609963230297
B21: 1.2.03.01 | C21: Arroz Parboilizado Camil 1Kg | D21: 7896006716112
A22: Frutas 1.3.02
B23: 1.3.02.01 | C23: Banana da Prata (1 Kg) | D23: BANANA PRATA
B24: 1.3.02.02 | C24: Maça Nacional Vermelha (1 Kg) | D24: MAÇA NACIONAL
A25: Café 1.1.03
A26: Café (250g)
B27: 1.1.03.01 | C27: Café Torrado e Moído Tradicional 250g Bahia a Vácuo | D27: 7898017920199
B28: 1.1.03.01 | C28: Café Torrado e Moído Tradicional 250g Pilão a Vácuo | D28: 7896089012637
B29: 1.1.03.01 | C29: Café Torrado e Moído Tradicional 250g 3 Corações a Vácuo | D29: 7896005800362
B30: 1.1.03.01 | C30: Café Torrado e Moído Tradicional 250g Mellita a Vácuo | D30: 7891021006071
B31: 1.1.03.01 | C31: Café Torrado e Moído Tradicional 250g Maratá a Vácuo | D31: 7898286200039
A32: Carnes, ovos e embutidos 1.2.01
B33: 1.2.01.01 | C33: Carne Acém (1 kg) | D33: CARNE ACÉM
B34: 1.2.01.02 | C34: Carne Alcatra (1 kg) | D34: CARNE ALCATRA
B35: 1.2.01.03 | C35: Charque - Dianteira ou Ponta de Agulha (1Kg) | D35: CHARQUE
B36: 1.2.01.04 | C36: Frango Inteiro Congelado (1 kg) | D36: FRANGO INTEIRO
B37: 1.2.01.06 | C37: Ovos Brancos (Unid.) | D37: OVOS BRANCOS
A38: Linguiça Calabresa (400g)
B39: 1.2.01.05 | C39: Linguiça Calabresa 400g Sadia | D39: 7891515620981
B40: 1.2.01.05 | C40: Linguiça Calabresa 400g Perdigao | D40: 7891515977511
B41: 1.2.01.05 | C41: Linguiça Calabresa 400g Seara | D41: 7894904009862
B42: 1.2.01.05 | C42: Linguiça Calabresa 400g Pamplona | D42: 7896716301271
B43: 1.2.01.05 | C43: Linguiça Calabresa 400g Aurora | D43: 7891164005832
A44: Farinhas e Massas 1.1.02
A45: Farinha de Mandioca (1Kg)
B46: 1.1.02.01 | C46: Farinha de Mandioca Branca 1Kg São João | D46: 7898357410022
B47: 1.1.02.01 | C47: Farinha de Mandioca Branca 1Kg São Miguel | D47: 7898031690030
B48: 1.1.02.01 | C48: Farinha de Mandioca Amarela 1Kg São João | D48: 7898357410015
B49: 1.1.02.01 | C49: Farinha de Mandioca Amarela 1Kg São Miguel | D49: 7898031690023
A50: Farinha de Milho (500g)
B51: 1.1.02.02 | C51: Farinha de Milho 500g Coringa | D51: 7896481130137
B52: 1.1.02.02 | C52: Farinha de Milho 500g Maratá | D52: 7898932426042
B53: 1.1.02.02 | C53: Farinha de Milho 500g Dona Clara | D53: 7896490288775
B54: 1.1.02.02 | C54: Farinha de Milho 500g Vitamilho | D54: 7898366930023
B55: 1.1.02.02 | C55: Farinha de Milho 500g Bahia | D55: 7898097320018
A56: Macarrão Espaguete (500g)
B57: 1.1.02.03 | C57: Macarrão Espaguete Ovos 500g Brandini | D57: 7896005213193
B58: 1.1.02.03 | C58: Macarrão Espaguete Ovos 500g Dona Benta | D58: 7896005286579
B59: 1.1.02.03 | C59: Macarrão Espaguete Ovos 500g Santa Amália | D59: 7896021300044
B60: 1.1.02.03 | C60: Macarrão Espaguete Ovos 500g Paulista | D60: 7896763621001
B61: 1.1.02.03 | C61: Macarrão Espaguete Ovos 500g Petybon | D61: 7897721410002
A62: Feijão Carioca 1.2.02.01
A63: Feijão Carioca (1 kg)
B64: 1.2.02.01 | C64: Feijão Carioca 1Kg Vida | D64: 7898920795051
B65: 1.2.02.01 | C65: Feijão Carioca 1Kg Kicaldo | D65: 7896116900029
B66: 1.2.02.01 | C66: Feijão Carioca 1Kg Dona Alice | D66: 7898903143015
B67: 1.2.02.01 | C67: Feijão Carioca 1Kg Padim | D67: 7898902334018
B68: 1.2.02.01 | C68: Feijão Carioca 1Kg Ki Sabor | D68: 7898930231037
A69: Leite e Derivados 1.1.01
A70: Leite Pasteurizado (1 lt)
B71: 1.1.01.01 | C71: Leite UHT Integral caixa 1L Piracanjuba | D71: 7898215151708
B72: 1.1.01.01 | C72: Leite UHT Integral caixa 1L Betania | D72: 7898403782387
B73: 1.1.01.01 | C73: Leite UHT Integral caixa 1L Damare | D73: 7898945133203
B74: 1.1.01.01 | C74: Leite Pasteurizado Integral saco tipo C 1L Vitória | D74: 7898168390018
B75: 1.1.01.01 | C75: Leite Pasteurizado Integral saco tipo C 1L Conquista | D75: 7897856400091
A76: Queijo Mussarela (150g)
B77: 1.1.01.02 | C77: Queijo Mussarela 150g Davaca | D77: 7897318572823
B78: 1.1.01.02 | C78: Queijo Mussarela 150g Sadia | D78: 7891515591939
B79: 1.1.01.02 | C79: Queijo Mussarela 150g President | D79: 7898955617526
B80: 1.1.01.02 | C80: Queijo Mussarela 150g Galbani | D80: 7891097105739
B81: 1.1.01.02 | C81: Queijo Mussarela 150g Piracanjuba | D81: 7898215150282
A82: Queijo Prato (150g)
B83: 1.1.01.03 | C83: Queijo Prato 150g Davaca | D83: 7897318572830
B84: 1.1.01.03 | C84: Queijo Prato 150g Sadia | D84: 7891515592080
B85: 1.1.01.03 | C85: Queijo Prato 150g Galbani | D85: 7891097105739
B86: 1.1.01.03 | C86: Queijo Prato 150g Piracanjuba | D86: 7898215150657
B87: 1.1.01.03 | C87: Queijo Prato 150g President | D87: 7898955617519
A88: Manteiga (500g)
B89: 1.1.01.04 | C89: Manteiga 500g Davaca | D89: 7897318572816
B90: 1.1.01.04 | C90: Manteiga 500g Conleite | D90: 7898129140034
B91: 1.1.01.04 | C91: Manteiga 500g Verona | D91: 7897717900135
B92: 1.1.01.04 | C92: Manteiga 500g Natville | D92: 7898387120083
B93: 1.1.01.04 | C93: Manteiga 500g Piracanjuba | D93: 7898215151319
A94: Óleo 1.1.06
A95: Óleo (900 ml)
B96: 1.1.06.01 | C96: Óleo de Soja 900ml garrafa Soya | D96: 7891107101621
B97: 1.1.06.01 | C97: Óleo de Soja 900ml garrafa Liza | D97: 7896036090244
B98: 1.1.06.01 | C98: Óleo de Soja 900ml garrafa Sinhá | D98: 7892300030060
B99: 1.1.06.01 | C99: Óleo de Soja 900ml garrafa Concórdia | D99: 7898247780075
B100: 1.1.06.01 | C100: Óleo de Soja 900ml garrafa Primor | D100: 7891080803673
A101: Pão Francês 1.1.04
B102: 1.1.04.01 | C102: Pão Francês (1 kg) | D102: PÃO FRANCÊS
...

Sheet M21
A2: QUESTIONÁRIO DE COLETA DE PREÇOS
A3: DATA: | B3: =IFERROR(Calendário!H24,"") -> 46286 | C3: ESTABELECIMENTO: | D3: =Calendário!C24 -> Supermercados BH (Rosa Cruz)
A4: SEMANA: | B4: =IFERROR(Calendário!E24,"") -> 3 | C4: PESQUISADOR: | D4: =IFERROR(IF(Calendário!I24=0,"",Calendário!I24),"") -> Mécia
A5: HORA: | C5: CRÍTICA: | D5: =IFERROR(IF(Calendário!J24=0,"",Calendário!J24),"") -> Mateus
A7: ITEM/PRODUTO | B7: CÓDIGO DO PRODUTO | C7: MARCAS DO PRODUTO | D7: CÓD. BARRAS PdH | E7: PREÇO
A8: Açúcar 1.1.05
A9: Açucar (1Kg)
B10: 1.1.05.01 | C10: Açucar Cristal Vida 1Kg | D10: 7898920795044
B11: 1.1.05.01 | C11: Açucar Cristal Coceal 1Kg | D11: 7898292530038
B12: 1.1.05.01 | C12: Açúcar Cristal Vale Bahia 1Kg | D12: 7898968872011
B13: 1.1.05.01 | C13: Açucar Cristal Dona Mira 1Kg | D13: 7898964714070
B14: 1.1.05.01 | C14: Açucar Cristal Baiano 1Kg | D14: 7898920795259
A15: Arroz 1.2.03
A16: Arroz Parboilizado (1Kg)
B17: 1.2.03.01 | C17: Arroz Parboilizado Urbano 1Kg | D17: 7896038306053
B18: 1.2.03.01 | C18: Arroz Parboilizado Tio João 1Kg | D18: 7893500018469
B19: 1.2.03.01 | C19: Arroz Parboilizado Fazenda 1Kg | D19: 7896389600107
B20: 1.2.03.01 | C20: Arroz Parboilizado Tia Maria 1Kg | D20: 609963230297
B21: 1.2.03.01 | C21: Arroz Parboilizado Camil 1Kg | D21: 7896006716112
A22: Frutas 1.3.02
B23: 1.3.02.01 | C23: Banana da Prata (1 Kg) | D23: BANANA PRATA
B24: 1.3.02.02 | C24: Maça Nacional Vermelha (1 Kg) | D24: MAÇA NACIONAL
A25: Café 1.1.03
A26: Café (250g)
B27: 1.1.03.01 | C27: Café Torrado e Moído Tradicional 250g Bahia a Vácuo | D27: 7898017920199
B28: 1.1.03.01 | C28: Café Torrado e Moído Tradicional 250g Pilão a Vácuo | D28: 7896089012637
B29: 1.1.03.01 | C29: Café Torrado e Moído Tradicional 250g 3 Corações a Vácuo | D29: 7896005800362
B30: 1.1.03.01 | C30: Café Torrado e Moído Tradicional 250g Mellita a Vácuo | D30: 7891021006071
B31: 1.1.03.01 | C31: Café Torrado e Moído Tradicional 250g Maratá a Vácuo | D31: 7898286200039
A32: Carnes, ovos e embutidos 1.2.01
B33: 1.2.01.01 | C33: Carne Acém (1 kg) | D33: CARNE ACÉM
B34: 1.2.01.02 | C34: Carne Alcatra (1 kg) | D34: CARNE ALCATRA
B35: 1.2.01.03 | C35: Charque - Dianteira ou Ponta de Agulha (1Kg) | D35: CHARQUE
B36: 1.2.01.04 | C36: Frango Inteiro Congelado (1 kg) | D36: FRANGO INTEIRO
B37: 1.2.01.06 | C37: Ovos Brancos (Unid.) | D37: OVOS BRANCOS
A38: Linguiça Calabresa (400g)
B39: 1.2.01.05 | C39: Linguiça Calabresa 400g Sadia | D39: 7891515620981
B40: 1.2.01.05 | C40: Linguiça Calabresa 400g Perdigao | D40: 7891515977511
B41: 1.2.01.05 | C41: Linguiça Calabresa 400g Seara | D41: 7894904009862
B42: 1.2.01.05 | C42: Linguiça Calabresa 400g Pamplona | D42: 7896716301271
B43: 1.2.01.05 | C43: Linguiça Calabresa 400g Aurora | D43: 7891164005832
A44: Farinhas e Massas 1.1.02
A45: Farinha de Mandioca (1Kg)
B46: 1.1.02.01 | C46: Farinha de Mandioca Branca 1Kg São João | D46: 7898357410022
B47: 1.1.02.01 | C47: Farinha de Mandioca Branca 1Kg São Miguel | D47: 7898031690030
B48: 1.1.02.01 | C48: Farinha de Mandioca Amarela 1Kg São João | D48: 7898357410015
B49: 1.1.02.01 | C49: Farinha de Mandioca Amarela 1Kg São Miguel | D49: 7898031690023
A50: Farinha de Milho (500g)
B51: 1.1.02.02 | C51: Farinha de Milho 500g Coringa | D51: 7896481130137
B52: 1.1.02.02 | C52: Farinha de Milho 500g Maratá | D52: 7898932426042
B53: 1.1.02.02 | C53: Farinha de Milho 500g Dona Clara | D53: 7896490288775
B54: 1.1.02.02 | C54: Farinha de Milho 500g Vitamilho | D54: 7898366930023
B55: 1.1.02.02 | C55: Farinha de Milho 500g Bahia | D55: 7898097320018
A56: Macarrão Espaguete (500g)
B57: 1.1.02.03 | C57: Macarrão Espaguete Ovos 500g Brandini | D57: 7896005213193
B58: 1.1.02.03 | C58: Macarrão Espaguete Ovos 500g Dona Benta | D58: 7896005286579
B59: 1.1.02.03 | C59: Macarrão Espaguete Ovos 500g Santa Amália | D59: 7896021300044
B60: 1.1.02.03 | C60: Macarrão Espaguete Ovos 500g Paulista | D60: 7896763621001
B61: 1.1.02.03 | C61: Macarrão Espaguete Ovos 500g Petybon | D61: 7897721410002
A62: Feijão Carioca 1.2.02.01
A63: Feijão Carioca (1 kg)
B64: 1.2.02.01 | C64: Feijão Carioca 1Kg Vida | D64: 7898920795051
B65: 1.2.02.01 | C65: Feijão Carioca 1Kg Kicaldo | D65: 7896116900029
B66: 1.2.02.01 | C66: Feijão Carioca 1Kg Dona Alice | D66: 7898903143015
B67: 1.2.02.01 | C67: Feijão Carioca 1Kg Padim | D67: 7898902334018
B68: 1.2.02.01 | C68: Feijão Carioca 1Kg Ki Sabor | D68: 7898930231037
A69: Leite e Derivados 1.1.01
A70: Leite Pasteurizado (1 lt)
B71: 1.1.01.01 | C71: Leite UHT Integral caixa 1L Piracanjuba | D71: 7898215151708
B72: 1.1.01.01 | C72: Leite UHT Integral caixa 1L Betania | D72: 7898403782387
B73: 1.1.01.01 | C73: Leite UHT Integral caixa 1L Damare | D73: 7898945133203
B74: 1.1.01.01 | C74: Leite Pasteurizado Integral saco tipo C 1L Vitória | D74: 7898168390018
B75: 1.1.01.01 | C75: Leite Pasteurizado Integral saco tipo C 1L Conquista | D75: 7897856400091
A76: Queijo Mussarela (150g)
B77: 1.1.01.02 | C77: Queijo Mussarela 150g Davaca | D77: 7897318572823
B78: 1.1.01.02 | C78: Queijo Mussarela 150g Sadia | D78: 7891515591939
B79: 1.1.01.02 | C79: Queijo Mussarela 150g President | D79: 7898955617526
B80: 1.1.01.02 | C80: Queijo Mussarela 150g Galbani | D80: 7891097105739
B81: 1.1.01.02 | C81: Queijo Mussarela 150g Piracanjuba | D81: 7898215150282
A82: Queijo Prato (150g)
B83: 1.1.01.03 | C83: Queijo Prato 150g Davaca | D83: 7897318572830
B84: 1.1.01.03 | C84: Queijo Prato 150g Sadia | D84: 7891515592080
B85: 1.1.01.03 | C85: Queijo Prato 150g Galbani | D85: 7891097105739
B86: 1.1.01.03 | C86: Queijo Prato 150g Piracanjuba | D86: 7898215150657
B87: 1.1.01.03 | C87: Queijo Prato 150g President | D87: 7898955617519
A88: Manteiga (500g)
B89: 1.1.01.04 | C89: Manteiga 500g Davaca | D89: 7897318572816
B90: 1.1.01.04 | C90: Manteiga 500g Conleite | D90: 7898129140034
B91: 1.1.01.04 | C91: Manteiga 500g Verona | D91: 7897717900135
B92: 1.1.01.04 | C92: Manteiga 500g Natville | D92: 7898387120083
B93: 1.1.01.04 | C93: Manteiga 500g Piracanjuba | D93: 7898215151319
A94: Óleo 1.1.06
A95: Óleo (900 ml)
B96: 1.1.06.01 | C96: Óleo de Soja 900ml garrafa Soya | D96: 7891107101621
B97: 1.1.06.01 | C97: Óleo de Soja 900ml garrafa Liza | D97: 7896036090244
B98: 1.1.06.01 | C98: Óleo de Soja 900ml garrafa Sinhá | D98: 7892300030060
B99: 1.1.06.01 | C99: Óleo de Soja 900ml garrafa Concórdia | D99: 7898247780075
B100: 1.1.06.01 | C100: Óleo de Soja 900ml garrafa Primor | D100: 7891080803673
A101: Pão Francês 1.1.04
B102: 1.1.04.01 | C102: Pão Francês (1 kg) | D102: PÃO FRANCÊS
...

Sheet M22
A2: QUESTIONÁRIO DE COLETA DE PREÇOS
A3: DATA: | B3: =IFERROR(Calendário!H25,"") -> 46286 | C3: ESTABELECIMENTO: | D3: =Calendário!C25 -> Supermercados N U (Bairro Brasil)
A4: SEMANA: | B4: =IFERROR(Calendário!E25,"") -> 3 | C4: PESQUISADOR: | D4: =IFERROR(IF(Calendário!I25=0,"",Calendário!I25),"") -> Mécia
A5: HORA: | C5: CRÍTICA: | D5: =IFERROR(IF(Calendário!J25=0,"",Calendário!J25),"") -> Mateus
A7: ITEM/PRODUTO | B7: CÓDIGO DO PRODUTO | C7: MARCAS DO PRODUTO | D7: CÓD. BARRAS PdH | E7: PREÇO
A8: Açúcar 1.1.05
A9: Açucar (1Kg)
B10: 1.1.05.01 | C10: Açucar Cristal Vida 1Kg | D10: 7898920795044
B11: 1.1.05.01 | C11: Açucar Cristal Coceal 1Kg | D11: 7898292530038
B12: 1.1.05.01 | C12: Açúcar Cristal Vale Bahia 1Kg | D12: 7898968872011
B13: 1.1.05.01 | C13: Açucar Cristal Dona Mira 1Kg | D13: 7898964714070
B14: 1.1.05.01 | C14: Açucar Cristal Baiano 1Kg | D14: 7898920795259
A15: Arroz 1.2.03
A16: Arroz Parboilizado (1Kg)
B17: 1.2.03.01 | C17: Arroz Parboilizado Urbano 1Kg | D17: 7896038306053
B18: 1.2.03.01 | C18: Arroz Parboilizado Tio João 1Kg | D18: 7893500018469
B19: 1.2.03.01 | C19: Arroz Parboilizado Fazenda 1Kg | D19: 7896389600107
B20: 1.2.03.01 | C20: Arroz Parboilizado Tia Maria 1Kg | D20: 609963230297
B21: 1.2.03.01 | C21: Arroz Parboilizado Camil 1Kg | D21: 7896006716112
A22: Frutas 1.3.02
B23: 1.3.02.01 | C23: Banana da Prata (1 Kg) | D23: BANANA PRATA
B24: 1.3.02.02 | C24: Maça Nacional Vermelha (1 Kg) | D24: MAÇA NACIONAL
A25: Café 1.1.03
A26: Café (250g)
B27: 1.1.03.01 | C27: Café Torrado e Moído Tradicional 250g Bahia a Vácuo | D27: 7898017920199
B28: 1.1.03.01 | C28: Café Torrado e Moído Tradicional 250g Pilão a Vácuo | D28: 7896089012637
B29: 1.1.03.01 | C29: Café Torrado e Moído Tradicional 250g 3 Corações a Vácuo | D29: 7896005800362
B30: 1.1.03.01 | C30: Café Torrado e Moído Tradicional 250g Mellita a Vácuo | D30: 7891021006071
B31: 1.1.03.01 | C31: Café Torrado e Moído Tradicional 250g Maratá a Vácuo | D31: 7898286200039
A32: Carnes, ovos e embutidos 1.2.01
B33: 1.2.01.01 | C33: Carne Acém (1 kg) | D33: CARNE ACÉM
B34: 1.2.01.02 | C34: Carne Alcatra (1 kg) | D34: CARNE ALCATRA
B35: 1.2.01.03 | C35: Charque - Dianteira ou Ponta de Agulha (1Kg) | D35: CHARQUE
B36: 1.2.01.04 | C36: Frango Inteiro Congelado (1 kg) | D36: FRANGO INTEIRO
B37: 1.2.01.06 | C37: Ovos Brancos (Unid.) | D37: OVOS BRANCOS
A38: Linguiça Calabresa (400g)
B39: 1.2.01.05 | C39: Linguiça Calabresa 400g Sadia | D39: 7891515620981
B40: 1.2.01.05 | C40: Linguiça Calabresa 400g Perdigao | D40: 7891515977511
B41: 1.2.01.05 | C41: Linguiça Calabresa 400g Seara | D41: 7894904009862
B42: 1.2.01.05 | C42: Linguiça Calabresa 400g Pamplona | D42: 7896716301271
B43: 1.2.01.05 | C43: Linguiça Calabresa 400g Aurora | D43: 7891164005832
A44: Farinhas e Massas 1.1.02
A45: Farinha de Mandioca (1Kg)
B46: 1.1.02.01 | C46: Farinha de Mandioca Branca 1Kg São João | D46: 7898357410022
B47: 1.1.02.01 | C47: Farinha de Mandioca Branca 1Kg São Miguel | D47: 7898031690030
B48: 1.1.02.01 | C48: Farinha de Mandioca Amarela 1Kg São João | D48: 7898357410015
B49: 1.1.02.01 | C49: Farinha de Mandioca Amarela 1Kg São Miguel | D49: 7898031690023
A50: Farinha de Milho (500g)
B51: 1.1.02.02 | C51: Farinha de Milho 500g Coringa | D51: 7896481130137
B52: 1.1.02.02 | C52: Farinha de Milho 500g Maratá | D52: 7898932426042
B53: 1.1.02.02 | C53: Farinha de Milho 500g Dona Clara | D53: 7896490288775
B54: 1.1.02.02 | C54: Farinha de Milho 500g Vitamilho | D54: 7898366930023
B55: 1.1.02.02 | C55: Farinha de Milho 500g Bahia | D55: 7898097320018
A56: Macarrão Espaguete (500g)
B57: 1.1.02.03 | C57: Macarrão Espaguete Ovos 500g Brandini | D57: 7896005213193
B58: 1.1.02.03 | C58: Macarrão Espaguete Ovos 500g Dona Benta | D58: 7896005286579
B59: 1.1.02.03 | C59: Macarrão Espaguete Ovos 500g Santa Amália | D59: 7896021300044
B60: 1.1.02.03 | C60: Macarrão Espaguete Ovos 500g Paulista | D60: 7896763621001
B61: 1.1.02.03 | C61: Macarrão Espaguete Ovos 500g Petybon | D61: 7897721410002
A62: Feijão Carioca 1.2.02.01
A63: Feijão Carioca (1 kg)
B64: 1.2.02.01 | C64: Feijão Carioca 1Kg Vida | D64: 7898920795051
B65: 1.2.02.01 | C65: Feijão Carioca 1Kg Kicaldo | D65: 7896116900029
B66: 1.2.02.01 | C66: Feijão Carioca 1Kg Dona Alice | D66: 7898903143015
B67: 1.2.02.01 | C67: Feijão Carioca 1Kg Padim | D67: 7898902334018
B68: 1.2.02.01 | C68: Feijão Carioca 1Kg Ki Sabor | D68: 7898930231037
A69: Leite e Derivados 1.1.01
A70: Leite Pasteurizado (1 lt)
B71: 1.1.01.01 | C71: Leite UHT Integral caixa 1L Piracanjuba | D71: 7898215151708
B72: 1.1.01.01 | C72: Leite UHT Integral caixa 1L Betania | D72: 7898403782387
B73: 1.1.01.01 | C73: Leite UHT Integral caixa 1L Damare | D73: 7898945133203
B74: 1.1.01.01 | C74: Leite Pasteurizado Integral saco tipo C 1L Vitória | D74: 7898168390018
B75: 1.1.01.01 | C75: Leite Pasteurizado Integral saco tipo C 1L Conquista | D75: 7897856400091
A76: Queijo Mussarela (150g)
B77: 1.1.01.02 | C77: Queijo Mussarela 150g Davaca | D77: 7897318572823
B78: 1.1.01.02 | C78: Queijo Mussarela 150g Sadia | D78: 7891515591939
B79: 1.1.01.02 | C79: Queijo Mussarela 150g President | D79: 7898955617526
B80: 1.1.01.02 | C80: Queijo Mussarela 150g Galbani | D80: 7891097105739
B81: 1.1.01.02 | C81: Queijo Mussarela 150g Piracanjuba | D81: 7898215150282
A82: Queijo Prato (150g)
B83: 1.1.01.03 | C83: Queijo Prato 150g Davaca | D83: 7897318572830
B84: 1.1.01.03 | C84: Queijo Prato 150g Sadia | D84: 7891515592080
B85: 1.1.01.03 | C85: Queijo Prato 150g Galbani | D85: 7891097105739
B86: 1.1.01.03 | C86: Queijo Prato 150g Piracanjuba | D86: 7898215150657
B87: 1.1.01.03 | C87: Queijo Prato 150g President | D87: 7898955617519
A88: Manteiga (500g)
B89: 1.1.01.04 | C89: Manteiga 500g Davaca | D89: 7897318572816
B90: 1.1.01.04 | C90: Manteiga 500g Conleite | D90: 7898129140034
B91: 1.1.01.04 | C91: Manteiga 500g Verona | D91: 7897717900135
B92: 1.1.01.04 | C92: Manteiga 500g Natville | D92: 7898387120083
B93: 1.1.01.04 | C93: Manteiga 500g Piracanjuba | D93: 7898215151319
A94: Óleo 1.1.06
A95: Óleo (900 ml)
B96: 1.1.06.01 | C96: Óleo de Soja 900ml garrafa Soya | D96: 7891107101621
B97: 1.1.06.01 | C97: Óleo de Soja 900ml garrafa Liza | D97: 7896036090244
B98: 1.1.06.01 | C98: Óleo de Soja 900ml garrafa Sinhá | D98: 7892300030060
B99: 1.1.06.01 | C99: Óleo de Soja 900ml garrafa Concórdia | D99: 7898247780075
B100: 1.1.06.01 | C100: Óleo de Soja 900ml garrafa Primor | D100: 7891080803673
A101: Pão Francês 1.1.04
B102: 1.1.04.01 | C102: Pão Francês (1 kg) | D102: PÃO FRANCÊS
...

Sheet M23
A2: QUESTIONÁRIO DE COLETA DE PREÇOS
A3: DATA: | B3: =IFERROR(Calendário!H26,"") -> 46287 | C3: ESTABELECIMENTO: | D3: =Calendário!C26 -> Atacadão (Pres. Dutra)
A4: SEMANA: | B4: =IFERROR(Calendário!E26,"") -> 3 | C4: PESQUISADOR: | D4: =IFERROR(IF(Calendário!I26=0,"",Calendário!I26),"") -> Darci
A5: HORA: | C5: CRÍTICA: | D5: =IFERROR(IF(Calendário!J26=0,"",Calendário!J26),"") -> Carlos Eduardo
A7: ITEM/PRODUTO | B7: CÓDIGO DO PRODUTO | C7: MARCAS DO PRODUTO | D7: CÓD. BARRAS PdH | E7: PREÇO
A8: Açúcar 1.1.05
A9: Açucar (1Kg)
B10: 1.1.05.01 | C10: Açucar Cristal Vida 1Kg | D10: 7898920795044
B11: 1.1.05.01 | C11: Açucar Cristal Coceal 1Kg | D11: 7898292530038
B12: 1.1.05.01 | C12: Açúcar Cristal Vale Bahia 1Kg | D12: 7898968872011
B13: 1.1.05.01 | C13: Açucar Cristal Dona Mira 1Kg | D13: 7898964714070
B14: 1.1.05.01 | C14: Açucar Cristal Baiano 1Kg | D14: 7898920795259
A15: Arroz 1.2.03
A16: Arroz Parboilizado (1Kg)
B17: 1.2.03.01 | C17: Arroz Parboilizado Urbano 1Kg | D17: 7896038306053
B18: 1.2.03.01 | C18: Arroz Parboilizado Tio João 1Kg | D18: 7893500018469
B19: 1.2.03.01 | C19: Arroz Parboilizado Fazenda 1Kg | D19: 7896389600107
B20: 1.2.03.01 | C20: Arroz Parboilizado Tia Maria 1Kg | D20: 609963230297
B21: 1.2.03.01 | C21: Arroz Parboilizado Camil 1Kg | D21: 7896006716112
A22: Frutas 1.3.02
B23: 1.3.02.01 | C23: Banana da Prata (1 Kg) | D23: BANANA PRATA
B24: 1.3.02.02 | C24: Maça Nacional Vermelha (1 Kg) | D24: MAÇA NACIONAL
A25: Café 1.1.03
A26: Café (250g)
B27: 1.1.03.01 | C27: Café Torrado e Moído Tradicional 250g Bahia a Vácuo | D27: 7898017920199
B28: 1.1.03.01 | C28: Café Torrado e Moído Tradicional 250g Pilão a Vácuo | D28: 7896089012637
B29: 1.1.03.01 | C29: Café Torrado e Moído Tradicional 250g 3 Corações a Vácuo | D29: 7896005800362
B30: 1.1.03.01 | C30: Café Torrado e Moído Tradicional 250g Mellita a Vácuo | D30: 7891021006071
B31: 1.1.03.01 | C31: Café Torrado e Moído Tradicional 250g Maratá a Vácuo | D31: 7898286200039
A32: Carnes, ovos e embutidos 1.2.01
B33: 1.2.01.01 | C33: Carne Acém (1 kg) | D33: CARNE ACÉM
B34: 1.2.01.02 | C34: Carne Alcatra (1 kg) | D34: CARNE ALCATRA
B35: 1.2.01.03 | C35: Charque - Dianteira ou Ponta de Agulha (1Kg) | D35: CHARQUE
B36: 1.2.01.04 | C36: Frango Inteiro Congelado (1 kg) | D36: FRANGO INTEIRO
B37: 1.2.01.06 | C37: Ovos Brancos (Unid.) | D37: OVOS BRANCOS
A38: Linguiça Calabresa (400g)
B39: 1.2.01.05 | C39: Linguiça Calabresa 400g Sadia | D39: 7891515620981
B40: 1.2.01.05 | C40: Linguiça Calabresa 400g Perdigao | D40: 7891515977511
B41: 1.2.01.05 | C41: Linguiça Calabresa 400g Seara | D41: 7894904009862
B42: 1.2.01.05 | C42: Linguiça Calabresa 400g Pamplona | D42: 7896716301271
B43: 1.2.01.05 | C43: Linguiça Calabresa 400g Aurora | D43: 7891164005832
A44: Farinhas e Massas 1.1.02
A45: Farinha de Mandioca (1Kg)
B46: 1.1.02.01 | C46: Farinha de Mandioca Branca 1Kg São João | D46: 7898357410022
B47: 1.1.02.01 | C47: Farinha de Mandioca Branca 1Kg São Miguel | D47: 7898031690030
B48: 1.1.02.01 | C48: Farinha de Mandioca Amarela 1Kg São João | D48: 7898357410015
B49: 1.1.02.01 | C49: Farinha de Mandioca Amarela 1Kg São Miguel | D49: 7898031690023
A50: Farinha de Milho (500g)
B51: 1.1.02.02 | C51: Farinha de Milho 500g Coringa | D51: 7896481130137
B52: 1.1.02.02 | C52: Farinha de Milho 500g Maratá | D52: 7898932426042
B53: 1.1.02.02 | C53: Farinha de Milho 500g Dona Clara | D53: 7896490288775
B54: 1.1.02.02 | C54: Farinha de Milho 500g Vitamilho | D54: 7898366930023
B55: 1.1.02.02 | C55: Farinha de Milho 500g Bahia | D55: 7898097320018
A56: Macarrão Espaguete (500g)
B57: 1.1.02.03 | C57: Macarrão Espaguete Ovos 500g Brandini | D57: 7896005213193
B58: 1.1.02.03 | C58: Macarrão Espaguete Ovos 500g Dona Benta | D58: 7896005286579
B59: 1.1.02.03 | C59: Macarrão Espaguete Ovos 500g Santa Amália | D59: 7896021300044
B60: 1.1.02.03 | C60: Macarrão Espaguete Ovos 500g Paulista | D60: 7896763621001
B61: 1.1.02.03 | C61: Macarrão Espaguete Ovos 500g Petybon | D61: 7897721410002
A62: Feijão Carioca 1.2.02.01
A63: Feijão Carioca (1 kg)
B64: 1.2.02.01 | C64: Feijão Carioca 1Kg Vida | D64: 7898920795051
B65: 1.2.02.01 | C65: Feijão Carioca 1Kg Kicaldo | D65: 7896116900029
B66: 1.2.02.01 | C66: Feijão Carioca 1Kg Dona Alice | D66: 7898903143015
B67: 1.2.02.01 | C67: Feijão Carioca 1Kg Padim | D67: 7898902334018
B68: 1.2.02.01 | C68: Feijão Carioca 1Kg Ki Sabor | D68: 7898930231037
A69: Leite e Derivados 1.1.01
A70: Leite Pasteurizado (1 lt)
B71: 1.1.01.01 | C71: Leite UHT Integral caixa 1L Piracanjuba | D71: 7898215151708
B72: 1.1.01.01 | C72: Leite UHT Integral caixa 1L Betania | D72: 7898403782387
B73: 1.1.01.01 | C73: Leite UHT Integral caixa 1L Damare | D73: 7898945133203
B74: 1.1.01.01 | C74: Leite Pasteurizado Integral saco tipo C 1L Vitória | D74: 7898168390018
B75: 1.1.01.01 | C75: Leite Pasteurizado Integral saco tipo C 1L Conquista | D75: 7897856400091
A76: Queijo Mussarela (150g)
B77: 1.1.01.02 | C77: Queijo Mussarela 150g Davaca | D77: 7897318572823
B78: 1.1.01.02 | C78: Queijo Mussarela 150g Sadia | D78: 7891515591939
B79: 1.1.01.02 | C79: Queijo Mussarela 150g President | D79: 7898955617526
B80: 1.1.01.02 | C80: Queijo Mussarela 150g Galbani | D80: 7891097105739
B81: 1.1.01.02 | C81: Queijo Mussarela 150g Piracanjuba | D81: 7898215150282
A82: Queijo Prato (150g)
B83: 1.1.01.03 | C83: Queijo Prato 150g Davaca | D83: 7897318572830
B84: 1.1.01.03 | C84: Queijo Prato 150g Sadia | D84: 7891515592080
B85: 1.1.01.03 | C85: Queijo Prato 150g Galbani | D85: 7891097105739
B86: 1.1.01.03 | C86: Queijo Prato 150g Piracanjuba | D86: 7898215150657
B87: 1.1.01.03 | C87: Queijo Prato 150g President | D87: 7898955617519
A88: Manteiga (500g)
B89: 1.1.01.04 | C89: Manteiga 500g Davaca | D89: 7897318572816
B90: 1.1.01.04 | C90: Manteiga 500g Conleite | D90: 7898129140034
B91: 1.1.01.04 | C91: Manteiga 500g Verona | D91: 7897717900135
B92: 1.1.01.04 | C92: Manteiga 500g Natville | D92: 7898387120083
B93: 1.1.01.04 | C93: Manteiga 500g Piracanjuba | D93: 7898215151319
A94: Óleo 1.1.06
A95: Óleo (900 ml)
B96: 1.1.06.01 | C96: Óleo de Soja 900ml garrafa Soya | D96: 7891107101621
B97: 1.1.06.01 | C97: Óleo de Soja 900ml garrafa Liza | D97: 7896036090244
B98: 1.1.06.01 | C98: Óleo de Soja 900ml garrafa Sinhá | D98: 7892300030060
B99: 1.1.06.01 | C99: Óleo de Soja 900ml garrafa Concórdia | D99: 7898247780075
B100: 1.1.06.01 | C100: Óleo de Soja 900ml garrafa Primor | D100: 7891080803673
A101: Pão Francês 1.1.04
B102: 1.1.04.01 | C102: Pão Francês (1 kg) | D102: PÃO FRANCÊS
...

Sheet M24
A2: QUESTIONÁRIO DE COLETA DE PREÇOS
A3: DATA: | B3: =IFERROR(Calendário!H27,"") -> 46287 | C3: ESTABELECIMENTO: | D3: =Calendário!C27 -> Supermercado São João
A4: SEMANA: | B4: =IFERROR(Calendário!E27,"") -> 3 | C4: PESQUISADOR: | D4: =IFERROR(IF(Calendário!I27=0,"",Calendário!I27),"") -> Darci
A5: HORA: | C5: CRÍTICA: | D5: =IFERROR(IF(Calendário!J27=0,"",Calendário!J27),"") -> Carlos Eduardo
A7: ITEM/PRODUTO | B7: CÓDIGO DO PRODUTO | C7: MARCAS DO PRODUTO | D7: CÓD. BARRAS PdH | E7: PREÇO
A8: Açúcar 1.1.05
A9: Açucar (1Kg)
B10: 1.1.05.01 | C10: Açucar Cristal Vida 1Kg | D10: 7898920795044
B11: 1.1.05.01 | C11: Açucar Cristal Coceal 1Kg | D11: 7898292530038
B12: 1.1.05.01 | C12: Açúcar Cristal Vale Bahia 1Kg | D12: 7898968872011
B13: 1.1.05.01 | C13: Açucar Cristal Dona Mira 1Kg | D13: 7898964714070
B14: 1.1.05.01 | C14: Açucar Cristal Baiano 1Kg | D14: 7898920795259
A15: Arroz 1.2.03
A16: Arroz Parboilizado (1Kg)
B17: 1.2.03.01 | C17: Arroz Parboilizado Urbano 1Kg | D17: 7896038306053
B18: 1.2.03.01 | C18: Arroz Parboilizado Tio João 1Kg | D18: 7893500018469
B19: 1.2.03.01 | C19: Arroz Parboilizado Fazenda 1Kg | D19: 7896389600107
B20: 1.2.03.01 | C20: Arroz Parboilizado Tia Maria 1Kg | D20: 609963230297
B21: 1.2.03.01 | C21: Arroz Parboilizado Camil 1Kg | D21: 7896006716112
A22: Frutas 1.3.02
B23: 1.3.02.01 | C23: Banana da Prata (1 Kg) | D23: BANANA PRATA
B24: 1.3.02.02 | C24: Maça Nacional Vermelha (1 Kg) | D24: MAÇA NACIONAL
A25: Café 1.1.03
A26: Café (250g)
B27: 1.1.03.01 | C27: Café Torrado e Moído Tradicional 250g Bahia a Vácuo | D27: 7898017920199
B28: 1.1.03.01 | C28: Café Torrado e Moído Tradicional 250g Pilão a Vácuo | D28: 7896089012637
B29: 1.1.03.01 | C29: Café Torrado e Moído Tradicional 250g 3 Corações a Vácuo | D29: 7896005800362
B30: 1.1.03.01 | C30: Café Torrado e Moído Tradicional 250g Mellita a Vácuo | D30: 7891021006071
B31: 1.1.03.01 | C31: Café Torrado e Moído Tradicional 250g Maratá a Vácuo | D31: 7898286200039
A32: Carnes, ovos e embutidos 1.2.01
B33: 1.2.01.01 | C33: Carne Acém (1 kg) | D33: CARNE ACÉM
B34: 1.2.01.02 | C34: Carne Alcatra (1 kg) | D34: CARNE ALCATRA
B35: 1.2.01.03 | C35: Charque - Dianteira ou Ponta de Agulha (1Kg) | D35: CHARQUE
B36: 1.2.01.04 | C36: Frango Inteiro Congelado (1 kg) | D36: FRANGO INTEIRO
B37: 1.2.01.06 | C37: Ovos Brancos (Unid.) | D37: OVOS BRANCOS
A38: Linguiça Calabresa (400g)
B39: 1.2.01.05 | C39: Linguiça Calabresa 400g Sadia | D39: 7891515620981
B40: 1.2.01.05 | C40: Linguiça Calabresa 400g Perdigao | D40: 7891515977511
B41: 1.2.01.05 | C41: Linguiça Calabresa 400g Seara | D41: 7894904009862
B42: 1.2.01.05 | C42: Linguiça Calabresa 400g Pamplona | D42: 7896716301271
B43: 1.2.01.05 | C43: Linguiça Calabresa 400g Aurora | D43: 7891164005832
A44: Farinhas e Massas 1.1.02
A45: Farinha de Mandioca (1Kg)
B46: 1.1.02.01 | C46: Farinha de Mandioca Branca 1Kg São João | D46: 7898357410022
B47: 1.1.02.01 | C47: Farinha de Mandioca Branca 1Kg São Miguel | D47: 7898031690030
B48: 1.1.02.01 | C48: Farinha de Mandioca Amarela 1Kg São João | D48: 7898357410015
B49: 1.1.02.01 | C49: Farinha de Mandioca Amarela 1Kg São Miguel | D49: 7898031690023
A50: Farinha de Milho (500g)
B51: 1.1.02.02 | C51: Farinha de Milho 500g Coringa | D51: 7896481130137
B52: 1.1.02.02 | C52: Farinha de Milho 500g Maratá | D52: 7898932426042
B53: 1.1.02.02 | C53: Farinha de Milho 500g Dona Clara | D53: 7896490288775
B54: 1.1.02.02 | C54: Farinha de Milho 500g Vitamilho | D54: 7898366930023
B55: 1.1.02.02 | C55: Farinha de Milho 500g Bahia | D55: 7898097320018
A56: Macarrão Espaguete (500g)
B57: 1.1.02.03 | C57: Macarrão Espaguete Ovos 500g Brandini | D57: 7896005213193
B58: 1.1.02.03 | C58: Macarrão Espaguete Ovos 500g Dona Benta | D58: 7896005286579
B59: 1.1.02.03 | C59: Macarrão Espaguete Ovos 500g Santa Amália | D59: 7896021300044
B60: 1.1.02.03 | C60: Macarrão Espaguete Ovos 500g Paulista | D60: 7896763621001
B61: 1.1.02.03 | C61: Macarrão Espaguete Ovos 500g Petybon | D61: 7897721410002
A62: Feijão Carioca 1.2.02.01
A63: Feijão Carioca (1 kg)
B64: 1.2.02.01 | C64: Feijão Carioca 1Kg Vida | D64: 7898920795051
B65: 1.2.02.01 | C65: Feijão Carioca 1Kg Kicaldo | D65: 7896116900029
B66: 1.2.02.01 | C66: Feijão Carioca 1Kg Dona Alice | D66: 7898903143015
B67: 1.2.02.01 | C67: Feijão Carioca 1Kg Padim | D67: 7898902334018
B68: 1.2.02.01 | C68: Feijão Carioca 1Kg Ki Sabor | D68: 7898930231037
A69: Leite e Derivados 1.1.01
A70: Leite Pasteurizado (1 lt)
B71: 1.1.01.01 | C71: Leite UHT Integral caixa 1L Piracanjuba | D71: 7898215151708
B72: 1.1.01.01 | C72: Leite UHT Integral caixa 1L Betania | D72: 7898403782387
B73: 1.1.01.01 | C73: Leite UHT Integral caixa 1L Damare | D73: 7898945133203
B74: 1.1.01.01 | C74: Leite Pasteurizado Integral saco tipo C 1L Vitória | D74: 7898168390018
B75: 1.1.01.01 | C75: Leite Pasteurizado Integral saco tipo C 1L Conquista | D75: 7897856400091
A76: Queijo Mussarela (150g)
B77: 1.1.01.02 | C77: Queijo Mussarela 150g Davaca | D77: 7897318572823
B78: 1.1.01.02 | C78: Queijo Mussarela 150g Sadia | D78: 7891515591939
B79: 1.1.01.02 | C79: Queijo Mussarela 150g President | D79: 7898955617526
B80: 1.1.01.02 | C80: Queijo Mussarela 150g Galbani | D80: 7891097105739
B81: 1.1.01.02 | C81: Queijo Mussarela 150g Piracanjuba | D81: 7898215150282
A82: Queijo Prato (150g)
B83: 1.1.01.03 | C83: Queijo Prato 150g Davaca | D83: 7897318572830
B84: 1.1.01.03 | C84: Queijo Prato 150g Sadia | D84: 7891515592080
B85: 1.1.01.03 | C85: Queijo Prato 150g Galbani | D85: 7891097105739
B86: 1.1.01.03 | C86: Queijo Prato 150g Piracanjuba | D86: 7898215150657
B87: 1.1.01.03 | C87: Queijo Prato 150g President | D87: 7898955617519
A88: Manteiga (500g)
B89: 1.1.01.04 | C89: Manteiga 500g Davaca | D89: 7897318572816
B90: 1.1.01.04 | C90: Manteiga 500g Conleite | D90: 7898129140034
B91: 1.1.01.04 | C91: Manteiga 500g Verona | D91: 7897717900135
B92: 1.1.01.04 | C92: Manteiga 500g Natville | D92: 7898387120083
B93: 1.1.01.04 | C93: Manteiga 500g Piracanjuba | D93: 7898215151319
A94: Óleo 1.1.06
A95: Óleo (900 ml)
B96: 1.1.06.01 | C96: Óleo de Soja 900ml garrafa Soya | D96: 7891107101621
B97: 1.1.06.01 | C97: Óleo de Soja 900ml garrafa Liza | D97: 7896036090244
B98: 1.1.06.01 | C98: Óleo de Soja 900ml garrafa Sinhá | D98: 7892300030060
B99: 1.1.06.01 | C99: Óleo de Soja 900ml garrafa Concórdia | D99: 7898247780075
B100: 1.1.06.01 | C100: Óleo de Soja 900ml garrafa Primor | D100: 7891080803673
A101: Pão Francês 1.1.04
B102: 1.1.04.01 | C102: Pão Francês (1 kg) | D102: PÃO FRANCÊS
...

Sheet M25
A2: QUESTIONÁRIO DE COLETA DE PREÇOS
A3: DATA: | B3: =IFERROR(Calendário!H28,"") -> 46288 | C3: ESTABELECIMENTO: | D3: =Calendário!C28 -> G Barbosa Supermercado
A4: SEMANA: | B4: =IFERROR(Calendário!E28,"") -> 3 | C4: PESQUISADOR: | D4: =IFERROR(IF(Calendário!I28=0,"",Calendário!I28),"") -> Carlos Eduardo
A5: HORA: | C5: CRÍTICA: | D5: =IFERROR(IF(Calendário!J28=0,"",Calendário!J28),"") -> Igor
A7: ITEM/PRODUTO | B7: CÓDIGO DO PRODUTO | C7: MARCAS DO PRODUTO | D7: CÓD. BARRAS PdH | E7: PREÇO
A8: Açúcar 1.1.05
A9: Açucar (1Kg)
B10: 1.1.05.01 | C10: Açucar Cristal Vida 1Kg | D10: 7898920795044
B11: 1.1.05.01 | C11: Açucar Cristal Coceal 1Kg | D11: 7898292530038
B12: 1.1.05.01 | C12: Açúcar Cristal Vale Bahia 1Kg | D12: 7898968872011
B13: 1.1.05.01 | C13: Açucar Cristal Dona Mira 1Kg | D13: 7898964714070
B14: 1.1.05.01 | C14: Açucar Cristal Baiano 1Kg | D14: 7898920795259
A15: Arroz 1.2.03
A16: Arroz Parboilizado (1Kg)
B17: 1.2.03.01 | C17: Arroz Parboilizado Urbano 1Kg | D17: 7896038306053
B18: 1.2.03.01 | C18: Arroz Parboilizado Tio João 1Kg | D18: 7893500018469
B19: 1.2.03.01 | C19: Arroz Parboilizado Fazenda 1Kg | D19: 7896389600107
B20: 1.2.03.01 | C20: Arroz Parboilizado Tia Maria 1Kg | D20: 609963230297
B21: 1.2.03.01 | C21: Arroz Parboilizado Camil 1Kg | D21: 7896006716112
A22: Frutas 1.3.02
B23: 1.3.02.01 | C23: Banana da Prata (1 Kg) | D23: BANANA PRATA
B24: 1.3.02.02 | C24: Maça Nacional Vermelha (1 Kg) | D24: MAÇA NACIONAL
A25: Café 1.1.03
A26: Café (250g)
B27: 1.1.03.01 | C27: Café Torrado e Moído Tradicional 250g Bahia a Vácuo | D27: 7898017920199
B28: 1.1.03.01 | C28: Café Torrado e Moído Tradicional 250g Pilão a Vácuo | D28: 7896089012637
B29: 1.1.03.01 | C29: Café Torrado e Moído Tradicional 250g 3 Corações a Vácuo | D29: 7896005800362
B30: 1.1.03.01 | C30: Café Torrado e Moído Tradicional 250g Mellita a Vácuo | D30: 7891021006071
B31: 1.1.03.01 | C31: Café Torrado e Moído Tradicional 250g Maratá a Vácuo | D31: 7898286200039
A32: Carnes, ovos e embutidos 1.2.01
B33: 1.2.01.01 | C33: Carne Acém (1 kg) | D33: CARNE ACÉM
B34: 1.2.01.02 | C34: Carne Alcatra (1 kg) | D34: CARNE ALCATRA
B35: 1.2.01.03 | C35: Charque - Dianteira ou Ponta de Agulha (1Kg) | D35: CHARQUE
B36: 1.2.01.04 | C36: Frango Inteiro Congelado (1 kg) | D36: FRANGO INTEIRO
B37: 1.2.01.06 | C37: Ovos Brancos (Unid.) | D37: OVOS BRANCOS
A38: Linguiça Calabresa (400g)
B39: 1.2.01.05 | C39: Linguiça Calabresa 400g Sadia | D39: 7891515620981
B40: 1.2.01.05 | C40: Linguiça Calabresa 400g Perdigao | D40: 7891515977511
B41: 1.2.01.05 | C41: Linguiça Calabresa 400g Seara | D41: 7894904009862
B42: 1.2.01.05 | C42: Linguiça Calabresa 400g Pamplona | D42: 7896716301271
B43: 1.2.01.05 | C43: Linguiça Calabresa 400g Aurora | D43: 7891164005832
A44: Farinhas e Massas 1.1.02
A45: Farinha de Mandioca (1Kg)
B46: 1.1.02.01 | C46: Farinha de Mandioca Branca 1Kg São João | D46: 7898357410022
B47: 1.1.02.01 | C47: Farinha de Mandioca Branca 1Kg São Miguel | D47: 7898031690030
B48: 1.1.02.01 | C48: Farinha de Mandioca Amarela 1Kg São João | D48: 7898357410015
B49: 1.1.02.01 | C49: Farinha de Mandioca Amarela 1Kg São Miguel | D49: 7898031690023
A50: Farinha de Milho (500g)
B51: 1.1.02.02 | C51: Farinha de Milho 500g Coringa | D51: 7896481130137
B52: 1.1.02.02 | C52: Farinha de Milho 500g Maratá | D52: 7898932426042
B53: 1.1.02.02 | C53: Farinha de Milho 500g Dona Clara | D53: 7896490288775
B54: 1.1.02.02 | C54: Farinha de Milho 500g Vitamilho | D54: 7898366930023
B55: 1.1.02.02 | C55: Farinha de Milho 500g Bahia | D55: 7898097320018
A56: Macarrão Espaguete (500g)
B57: 1.1.02.03 | C57: Macarrão Espaguete Ovos 500g Brandini | D57: 7896005213193
B58: 1.1.02.03 | C58: Macarrão Espaguete Ovos 500g Dona Benta | D58: 7896005286579
B59: 1.1.02.03 | C59: Macarrão Espaguete Ovos 500g Santa Amália | D59: 7896021300044
B60: 1.1.02.03 | C60: Macarrão Espaguete Ovos 500g Paulista | D60: 7896763621001
B61: 1.1.02.03 | C61: Macarrão Espaguete Ovos 500g Petybon | D61: 7897721410002
A62: Feijão Carioca 1.2.02.01
A63: Feijão Carioca (1 kg)
B64: 1.2.02.01 | C64: Feijão Carioca 1Kg Vida | D64: 7898920795051
B65: 1.2.02.01 | C65: Feijão Carioca 1Kg Kicaldo | D65: 7896116900029
B66: 1.2.02.01 | C66: Feijão Carioca 1Kg Dona Alice | D66: 7898903143015
B67: 1.2.02.01 | C67: Feijão Carioca 1Kg Padim | D67: 7898902334018
B68: 1.2.02.01 | C68: Feijão Carioca 1Kg Ki Sabor | D68: 7898930231037
A69: Leite e Derivados 1.1.01
A70: Leite Pasteurizado (1 lt)
B71: 1.1.01.01 | C71: Leite UHT Integral caixa 1L Piracanjuba | D71: 7898215151708
B72: 1.1.01.01 | C72: Leite UHT Integral caixa 1L Betania | D72: 7898403782387
B73: 1.1.01.01 | C73: Leite UHT Integral caixa 1L Damare | D73: 7898945133203
B74: 1.1.01.01 | C74: Leite Pasteurizado Integral saco tipo C 1L Vitória | D74: 7898168390018
B75: 1.1.01.01 | C75: Leite Pasteurizado Integral saco tipo C 1L Conquista | D75: 7897856400091
A76: Queijo Mussarela (150g)
B77: 1.1.01.02 | C77: Queijo Mussarela 150g Davaca | D77: 7897318572823
B78: 1.1.01.02 | C78: Queijo Mussarela 150g Sadia | D78: 7891515591939
B79: 1.1.01.02 | C79: Queijo Mussarela 150g President | D79: 7898955617526
B80: 1.1.01.02 | C80: Queijo Mussarela 150g Galbani | D80: 7891097105739
B81: 1.1.01.02 | C81: Queijo Mussarela 150g Piracanjuba | D81: 7898215150282
A82: Queijo Prato (150g)
B83: 1.1.01.03 | C83: Queijo Prato 150g Davaca | D83: 7897318572830
B84: 1.1.01.03 | C84: Queijo Prato 150g Sadia | D84: 7891515592080
B85: 1.1.01.03 | C85: Queijo Prato 150g Galbani | D85: 7891097105739
B86: 1.1.01.03 | C86: Queijo Prato 150g Piracanjuba | D86: 7898215150657
B87: 1.1.01.03 | C87: Queijo Prato 150g President | D87: 7898955617519
A88: Manteiga (500g)
B89: 1.1.01.04 | C89: Manteiga 500g Davaca | D89: 7897318572816
B90: 1.1.01.04 | C90: Manteiga 500g Conleite | D90: 7898129140034
B91: 1.1.01.04 | C91: Manteiga 500g Verona | D91: 7897717900135
B92: 1.1.01.04 | C92: Manteiga 500g Natville | D92: 7898387120083
B93: 1.1.01.04 | C93: Manteiga 500g Piracanjuba | D93: 7898215151319
A94: Óleo 1.1.06
A95: Óleo (900 ml)
B96: 1.1.06.01 | C96: Óleo de Soja 900ml garrafa Soya | D96: 7891107101621
B97: 1.1.06.01 | C97: Óleo de Soja 900ml garrafa Liza | D97: 7896036090244
B98: 1.1.06.01 | C98: Óleo de Soja 900ml garrafa Sinhá | D98: 7892300030060
B99: 1.1.06.01 | C99: Óleo de Soja 900ml garrafa Concórdia | D99: 7898247780075
B100: 1.1.06.01 | C100: Óleo de Soja 900ml garrafa Primor | D100: 7891080803673
A101: Pão Francês 1.1.04
B102: 1.1.04.01 | C102: Pão Francês (1 kg) | D102: PÃO FRANCÊS
...

Sheet M26
A2: QUESTIONÁRIO DE COLETA DE PREÇOS
A3: DATA: | B3: =IFERROR(Calendário!H29,"") -> 46288 | C3: ESTABELECIMENTO: | D3: =Calendário!C29 -> Pereira Atacado e Varejo (Alto Maron)
A4: SEMANA: | B4: =IFERROR(Calendário!E29,"") -> 3 | C4: PESQUISADOR: | D4: =IFERROR(IF(Calendário!I29=0,"",Calendário!I29),"") -> Carlos Eduardo
A5: HORA: | C5: CRÍTICA: | D5: =IFERROR(IF(Calendário!J29=0,"",Calendário!J29),"") -> Igor
A7: ITEM/PRODUTO | B7: CÓDIGO DO PRODUTO | C7: MARCAS DO PRODUTO | D7: CÓD. BARRAS PdH | E7: PREÇO
A8: Açúcar 1.1.05
A9: Açucar (1Kg)
B10: 1.1.05.01 | C10: Açucar Cristal Vida 1Kg | D10: 7898920795044
B11: 1.1.05.01 | C11: Açucar Cristal Coceal 1Kg | D11: 7898292530038
B12: 1.1.05.01 | C12: Açúcar Cristal Vale Bahia 1Kg | D12: 7898968872011
B13: 1.1.05.01 | C13: Açucar Cristal Dona Mira 1Kg | D13: 7898964714070
B14: 1.1.05.01 | C14: Açucar Cristal Baiano 1Kg | D14: 7898920795259
A15: Arroz 1.2.03
A16: Arroz Parboilizado (1Kg)
B17: 1.2.03.01 | C17: Arroz Parboilizado Urbano 1Kg | D17: 7896038306053
B18: 1.2.03.01 | C18: Arroz Parboilizado Tio João 1Kg | D18: 7893500018469
B19: 1.2.03.01 | C19: Arroz Parboilizado Fazenda 1Kg | D19: 7896389600107
B20: 1.2.03.01 | C20: Arroz Parboilizado Tia Maria 1Kg | D20: 609963230297
B21: 1.2.03.01 | C21: Arroz Parboilizado Camil 1Kg | D21: 7896006716112
A22: Frutas 1.3.02
B23: 1.3.02.01 | C23: Banana da Prata (1 Kg) | D23: BANANA PRATA
B24: 1.3.02.02 | C24: Maça Nacional Vermelha (1 Kg) | D24: MAÇA NACIONAL
A25: Café 1.1.03
A26: Café (250g)
B27: 1.1.03.01 | C27: Café Torrado e Moído Tradicional 250g Bahia a Vácuo | D27: 7898017920199
B28: 1.1.03.01 | C28: Café Torrado e Moído Tradicional 250g Pilão a Vácuo | D28: 7896089012637
B29: 1.1.03.01 | C29: Café Torrado e Moído Tradicional 250g 3 Corações a Vácuo | D29: 7896005800362
B30: 1.1.03.01 | C30: Café Torrado e Moído Tradicional 250g Mellita a Vácuo | D30: 7891021006071
B31: 1.1.03.01 | C31: Café Torrado e Moído Tradicional 250g Maratá a Vácuo | D31: 7898286200039
A32: Carnes, ovos e embutidos 1.2.01
B33: 1.2.01.01 | C33: Carne Acém (1 kg) | D33: CARNE ACÉM
B34: 1.2.01.02 | C34: Carne Alcatra (1 kg) | D34: CARNE ALCATRA
B35: 1.2.01.03 | C35: Charque - Dianteira ou Ponta de Agulha (1Kg) | D35: CHARQUE
B36: 1.2.01.04 | C36: Frango Inteiro Congelado (1 kg) | D36: FRANGO INTEIRO
B37: 1.2.01.06 | C37: Ovos Brancos (Unid.) | D37: OVOS BRANCOS
A38: Linguiça Calabresa (400g)
B39: 1.2.01.05 | C39: Linguiça Calabresa 400g Sadia | D39: 7891515620981
B40: 1.2.01.05 | C40: Linguiça Calabresa 400g Perdigao | D40: 7891515977511
B41: 1.2.01.05 | C41: Linguiça Calabresa 400g Seara | D41: 7894904009862
B42: 1.2.01.05 | C42: Linguiça Calabresa 400g Pamplona | D42: 7896716301271
B43: 1.2.01.05 | C43: Linguiça Calabresa 400g Aurora | D43: 7891164005832
A44: Farinhas e Massas 1.1.02
A45: Farinha de Mandioca (1Kg)
B46: 1.1.02.01 | C46: Farinha de Mandioca Branca 1Kg São João | D46: 7898357410022
B47: 1.1.02.01 | C47: Farinha de Mandioca Branca 1Kg São Miguel | D47: 7898031690030
B48: 1.1.02.01 | C48: Farinha de Mandioca Amarela 1Kg São João | D48: 7898357410015
B49: 1.1.02.01 | C49: Farinha de Mandioca Amarela 1Kg São Miguel | D49: 7898031690023
A50: Farinha de Milho (500g)
B51: 1.1.02.02 | C51: Farinha de Milho 500g Coringa | D51: 7896481130137
B52: 1.1.02.02 | C52: Farinha de Milho 500g Maratá | D52: 7898932426042
B53: 1.1.02.02 | C53: Farinha de Milho 500g Dona Clara | D53: 7896490288775
B54: 1.1.02.02 | C54: Farinha de Milho 500g Vitamilho | D54: 7898366930023
B55: 1.1.02.02 | C55: Farinha de Milho 500g Bahia | D55: 7898097320018
A56: Macarrão Espaguete (500g)
B57: 1.1.02.03 | C57: Macarrão Espaguete Ovos 500g Brandini | D57: 7896005213193
B58: 1.1.02.03 | C58: Macarrão Espaguete Ovos 500g Dona Benta | D58: 7896005286579
B59: 1.1.02.03 | C59: Macarrão Espaguete Ovos 500g Santa Amália | D59: 7896021300044
B60: 1.1.02.03 | C60: Macarrão Espaguete Ovos 500g Paulista | D60: 7896763621001
B61: 1.1.02.03 | C61: Macarrão Espaguete Ovos 500g Petybon | D61: 7897721410002
A62: Feijão Carioca 1.2.02.01
A63: Feijão Carioca (1 kg)
B64: 1.2.02.01 | C64: Feijão Carioca 1Kg Vida | D64: 7898920795051
B65: 1.2.02.01 | C65: Feijão Carioca 1Kg Kicaldo | D65: 7896116900029
B66: 1.2.02.01 | C66: Feijão Carioca 1Kg Dona Alice | D66: 7898903143015
B67: 1.2.02.01 | C67: Feijão Carioca 1Kg Padim | D67: 7898902334018
B68: 1.2.02.01 | C68: Feijão Carioca 1Kg Ki Sabor | D68: 7898930231037
A69: Leite e Derivados 1.1.01
A70: Leite Pasteurizado (1 lt)
